customer_id,name,sent_at,campaign,status
eac10a5d-1b75-4878-9d64-974e07246088,Laura Willis,2025-12-13 11:35:10.250495,Churn_Retention_20_Percent,Sent
ac115d89-21db-4b6a-85eb-48834c287dfe,Trevor Mendez,2025-12-13 11:35:10.250691,Churn_Retention_20_Percent,Sent
c153e0ee-04c3-4379-9cd7-b628b5f5fedc,Lauren Adams,2025-12-13 11:35:10.250851,Churn_Retention_20_Percent,Sent
b5e036b4-7791-49e1-b23a-1b0cf859ecbb,Cynthia Kennedy,2025-12-13 11:35:10.251081,Churn_Retention_20_Percent,Sent
5594b0ea-c4dd-456b-9a26-b4c4a8270401,Benjamin Arias,2025-12-13 11:35:10.251234,Churn_Retention_20_Percent,Sent
9893c7f1-2614-48ef-baee-c6a69c7e8603,Kyle Page,2025-12-13 11:35:10.251849,Churn_Retention_20_Percent,Sent
bb28d791-935e-4a7c-bea2-196e39265287,Laura Liu,2025-12-13 11:35:10.251988,Churn_Retention_20_Percent,Sent
261804b6-ddb2-43bc-ae27-1c1996fd15e6,Katrina Miller,2025-12-13 11:35:10.252080,Churn_Retention_20_Percent,Sent
7c785d29-4b01-4d71-9787-d3ab40a0f6a4,Olivia Robinson,2025-12-13 11:35:10.252158,Churn_Retention_20_Percent,Sent
6ebbb2d8-77ca-4d93-bdf9-8c763f9c9251,Michael Duncan,2025-12-13 11:35:10.252234,Churn_Retention_20_Percent,Sent
21943bf3-b7f8-4cfd-aace-c189a923b730,Deborah Ellis,2025-12-13 11:35:10.252309,Churn_Retention_20_Percent,Sent
9c911823-963a-4ae3-aa6d-c6ac809c2c66,Jerry Sanchez,2025-12-13 11:35:10.252382,Churn_Retention_20_Percent,Sent
36704879-00cf-457e-ae2d-fab110aa073f,Lisa Orozco,2025-12-13 11:35:10.252466,Churn_Retention_20_Percent,Sent
c50d6ad8-43cb-46f6-a7bc-d01f2896ff16,Andrew Sanchez,2025-12-13 11:35:10.252539,Churn_Retention_20_Percent,Sent
0da9e670-4d92-441c-bfd6-53d80cfb62f2,Gregory Wise,2025-12-13 11:35:10.252609,Churn_Retention_20_Percent,Sent
0c75bd18-a050-4840-ae28-e94ad1ccb536,Sarah Davis,2025-12-13 11:35:10.252687,Churn_Retention_20_Percent,Sent
6f817a41-71b2-4d34-91c0-4900f376629e,Theresa Macias,2025-12-13 11:35:10.252760,Churn_Retention_20_Percent,Sent
108e23c5-21df-4d72-a591-18494d5cb562,Michael Robinson,2025-12-13 11:35:10.252832,Churn_Retention_20_Percent,Sent
e496b776-74ef-4e80-91be-20f79c3ca68e,Rebecca Davis,2025-12-13 11:35:10.252926,Churn_Retention_20_Percent,Sent
2908c66b-507c-4721-a22f-dced6da82e55,Jose Davis,2025-12-13 11:35:10.253015,Churn_Retention_20_Percent,Sent
996d6440-6f31-4929-9104-df578ce9d1b2,Courtney Ford,2025-12-13 11:35:10.253090,Churn_Retention_20_Percent,Sent
6d58e2dc-7812-48dd-969d-e6a962cc4c27,Meredith Frye,2025-12-13 11:35:10.253162,Churn_Retention_20_Percent,Sent
4c49da5e-10de-4090-863f-d7fe8c53591a,Robert Smith,2025-12-13 11:35:10.253232,Churn_Retention_20_Percent,Sent
35eacfae-58ae-4c15-b620-9244b4f91c10,Paige Williams,2025-12-13 11:35:10.253303,Churn_Retention_20_Percent,Sent
c82616a5-a941-4df9-8408-12e32c6a1d48,Robin Hoover,2025-12-13 11:35:10.253372,Churn_Retention_20_Percent,Sent
c583e007-0a4e-4889-9708-96d5656261dc,Megan Fischer,2025-12-13 11:35:10.253441,Churn_Retention_20_Percent,Sent
f77795f3-0d2e-41a1-adc2-27e1e7d18daa,Glenn Todd,2025-12-13 11:35:10.253510,Churn_Retention_20_Percent,Sent
63dec8dc-a9f3-4a78-8441-dc929f6b87ee,Dr. Kenneth Wang Jr.,2025-12-13 11:35:10.253579,Churn_Retention_20_Percent,Sent
90a84cd2-58b2-4a1c-b259-5ced6dedd803,Mark Anderson,2025-12-13 11:35:10.253648,Churn_Retention_20_Percent,Sent
9e9ca0ac-e727-417a-ac57-eb1b85ff16ad,Jason Meyer,2025-12-13 11:35:10.253717,Churn_Retention_20_Percent,Sent
7bae3196-a07f-4ae1-b363-e17b6ceb5900,Linda Ward,2025-12-13 11:35:10.253787,Churn_Retention_20_Percent,Sent
c6a00bfe-06e8-467e-bfbb-4b974cebe911,Crystal Holland,2025-12-13 11:35:10.253864,Churn_Retention_20_Percent,Sent
0259ea5e-80b2-4c05-b478-40b8e1fc75b3,Clinton Spencer,2025-12-13 11:35:10.254000,Churn_Retention_20_Percent,Sent
cb2f6ddb-66d6-48bc-bdf5-171d0c9ea945,Steven Johnson,2025-12-13 11:35:10.254087,Churn_Retention_20_Percent,Sent
58c9d450-8b34-4fcf-9175-e669ddd7e776,Nicole Davis,2025-12-13 11:35:10.254161,Churn_Retention_20_Percent,Sent
aa5afba1-7286-46da-9bf3-531a4fa2d99e,Brandon Davis,2025-12-13 11:35:10.254232,Churn_Retention_20_Percent,Sent
c548b6cf-4258-45eb-afe3-418081694bc3,Savannah Cook,2025-12-13 11:35:10.254309,Churn_Retention_20_Percent,Sent
a1b6a524-77db-45ea-aeaa-2bdfacd5a180,Janet Hansen,2025-12-13 11:35:10.254380,Churn_Retention_20_Percent,Sent
318297ae-f677-45b8-bcc5-c0273416fc24,Jay Hall,2025-12-13 11:35:10.254450,Churn_Retention_20_Percent,Sent
f4b3afd5-84bb-4388-9af6-d2e42453982b,Erin Dillon,2025-12-13 11:35:10.254520,Churn_Retention_20_Percent,Sent
f9779705-5f13-4d70-8bc8-b89ce78eabd6,Sean Thomas,2025-12-13 11:35:10.254590,Churn_Retention_20_Percent,Sent
f692133b-7ecd-4dd5-ade5-0e1785611d64,Warren Moore,2025-12-13 11:35:10.254658,Churn_Retention_20_Percent,Sent
415c71bc-0503-4d98-90e6-ee39a63b5289,Keith Fernandez,2025-12-13 11:35:10.254727,Churn_Retention_20_Percent,Sent
76761940-eada-496a-b555-ccdc0416a486,Diana Gomez,2025-12-13 11:35:10.254796,Churn_Retention_20_Percent,Sent
a82a4369-e263-429f-9f0c-2ce5082c5e6a,Nicholas Moore,2025-12-13 11:35:10.254865,Churn_Retention_20_Percent,Sent
96d29d0a-1673-4dd0-865a-db451eb8057d,Danielle Faulkner,2025-12-13 11:35:10.257009,Churn_Retention_20_Percent,Sent
2b06bb94-24c6-473d-b1c4-81071c8e090b,Kathleen Baldwin,2025-12-13 11:35:10.257123,Churn_Retention_20_Percent,Sent
3c1b1831-028c-4efc-99bb-84620dec3bc1,Taylor Walls,2025-12-13 11:35:10.257225,Churn_Retention_20_Percent,Sent
bda3e429-8fb4-40da-abed-f31a52c6dcc9,Alexander Copeland,2025-12-13 11:35:10.257325,Churn_Retention_20_Percent,Sent
16fcaf53-112a-49dc-884b-647861169a11,Austin Torres,2025-12-13 11:35:10.257418,Churn_Retention_20_Percent,Sent
f8d19c97-61c1-4b50-9bac-03326f1a3dd0,Wendy Gallegos,2025-12-13 11:35:10.257510,Churn_Retention_20_Percent,Sent
f18a26c9-e15a-4080-a282-ae9ec41f13d9,Matthew Blackwell,2025-12-13 11:35:10.257601,Churn_Retention_20_Percent,Sent
5a80ddd2-eb98-4e11-961c-05a817006d17,Michelle Martin,2025-12-13 11:35:10.257689,Churn_Retention_20_Percent,Sent
1548e176-bc87-45a4-92cb-674f1cab0db7,Regina Gonzales,2025-12-13 11:35:10.257791,Churn_Retention_20_Percent,Sent
6fc53623-b435-40f8-ab49-b1bd7f5c013c,Richard Johnson,2025-12-13 11:35:10.257915,Churn_Retention_20_Percent,Sent
28e56b4b-6551-4568-92bb-6163a6b46433,Heather Collins,2025-12-13 11:35:10.258016,Churn_Retention_20_Percent,Sent
75e6b8a7-5bae-4e38-ae36-7cb6d294f260,Marcia Garner,2025-12-13 11:35:10.258107,Churn_Retention_20_Percent,Sent
fc9c28c6-ad17-495b-8317-9b6149fa526c,Rachel Hart,2025-12-13 11:35:10.258201,Churn_Retention_20_Percent,Sent
9c8b95aa-f4b4-460f-a392-be5f22a37636,Tyler Kelly,2025-12-13 11:35:10.258298,Churn_Retention_20_Percent,Sent
64bf7593-66d5-4a3c-9216-804e80babb22,Kevin Martinez,2025-12-13 11:35:10.258387,Churn_Retention_20_Percent,Sent
1240185e-dfd5-41f9-854c-f338f0c8d423,Thomas Moore,2025-12-13 11:35:10.258471,Churn_Retention_20_Percent,Sent
eb11a92f-4669-4381-861f-1d73c9144181,Shane Brown,2025-12-13 11:35:10.258566,Churn_Retention_20_Percent,Sent
a5f22be2-e8e6-4f91-a369-2867314410a2,Jesus Briggs Jr.,2025-12-13 11:35:10.258663,Churn_Retention_20_Percent,Sent
ac3da6bb-df44-49a1-b34b-fbc2eee18de6,Paula Ross,2025-12-13 11:35:10.258762,Churn_Retention_20_Percent,Sent
da4fd83b-653a-4e09-8c9d-5768a4ea39f5,Jamie Gould,2025-12-13 11:35:10.258870,Churn_Retention_20_Percent,Sent
2452578b-ccae-497e-a5a7-7d04eaf7e167,Amanda Moore,2025-12-13 11:35:10.260480,Churn_Retention_20_Percent,Sent
19e1f275-55e1-4774-adc5-8949f06ca22f,Jessica Wilcox,2025-12-13 11:35:10.260594,Churn_Retention_20_Percent,Sent
751b3122-ae33-46d1-b553-b969743fccdc,Lisa Wilson,2025-12-13 11:35:10.260702,Churn_Retention_20_Percent,Sent
0072ea9a-3a37-4d6c-9511-339faf78fe48,Robert Miller,2025-12-13 11:35:10.260807,Churn_Retention_20_Percent,Sent
c2ca75aa-cbb9-49c9-b96e-c942dcf6a318,Maurice Hernandez,2025-12-13 11:35:10.261074,Churn_Retention_20_Percent,Sent
4861002a-1c92-481d-bed3-23129c8bf710,Jasmine Moss,2025-12-13 11:35:10.261193,Churn_Retention_20_Percent,Sent
81a5e51b-f2d0-4463-90d5-d117717bc03c,Kayla Johnson,2025-12-13 11:35:10.261303,Churn_Retention_20_Percent,Sent
4208181a-1663-4273-a75f-a9c3e7b09101,Anthony Dennis,2025-12-13 11:35:10.261420,Churn_Retention_20_Percent,Sent
7c9377f1-d331-44f5-bb22-317a7170b5ca,Nicole Dodson,2025-12-13 11:35:10.261526,Churn_Retention_20_Percent,Sent
2d58d8ce-ae86-4c87-ace2-fc556b27243b,Ashley Berg,2025-12-13 11:35:10.261633,Churn_Retention_20_Percent,Sent
f7c918c2-9e7b-42d4-ad8c-f30a23ce6bd6,April Christensen DDS,2025-12-13 11:35:10.261740,Churn_Retention_20_Percent,Sent
249f46d9-d8f9-4c36-95a3-2695c3cab25c,Carol Warren,2025-12-13 11:35:10.261845,Churn_Retention_20_Percent,Sent
b7213026-1caa-4c47-b60c-f0b2a128e0b8,William Burton,2025-12-13 11:35:10.261974,Churn_Retention_20_Percent,Sent
ec717c44-1d75-4eb2-8568-cfa7a1bef63f,Alicia Gibbs,2025-12-13 11:35:10.262091,Churn_Retention_20_Percent,Sent
1af5f51b-5e34-4d70-b14c-f4a5345f8740,Suzanne Mccoy,2025-12-13 11:35:10.262196,Churn_Retention_20_Percent,Sent
122a52a5-9db6-422e-8e17-6d5d4647e268,Ian Harris,2025-12-13 11:35:10.262300,Churn_Retention_20_Percent,Sent
b3bb92a2-351f-4903-ade0-0f968c3562a7,Nicholas Watkins,2025-12-13 11:35:10.262404,Churn_Retention_20_Percent,Sent
8e405c43-acb4-4071-974d-240804f8f020,Philip Williams,2025-12-13 11:35:10.262516,Churn_Retention_20_Percent,Sent
38e48096-e922-43cb-811c-f3aae19c6ec8,Courtney Harris,2025-12-13 11:35:10.262620,Churn_Retention_20_Percent,Sent
b439016c-e8c1-40bb-aba2-6761efe0f0a0,Beth Blevins,2025-12-13 11:35:10.262724,Churn_Retention_20_Percent,Sent
4b12429c-a328-4784-bb87-7839ce7e6f3b,Timothy Guzman,2025-12-13 11:35:10.262827,Churn_Retention_20_Percent,Sent
c119f019-79b0-4400-aa35-b1407ec34d21,Cheryl Reyes,2025-12-13 11:35:10.262963,Churn_Retention_20_Percent,Sent
d7232bfe-79ef-48aa-bf85-ba094f0c1290,Rebecca Robertson,2025-12-13 11:35:10.263071,Churn_Retention_20_Percent,Sent
47f6bcbc-bdba-4e96-9484-d6085d29f574,Amanda Parker,2025-12-13 11:35:10.263174,Churn_Retention_20_Percent,Sent
806a33b4-3833-497f-ada8-c28031ca53e3,Chad Shaw,2025-12-13 11:35:10.263278,Churn_Retention_20_Percent,Sent
952e25e1-a6f8-4c21-8791-7656adbe6346,David Frye,2025-12-13 11:35:10.263381,Churn_Retention_20_Percent,Sent
fd3a3a3a-a030-4605-8d11-24a5d668e464,Richard Green,2025-12-13 11:35:10.263483,Churn_Retention_20_Percent,Sent
563d5ac9-7608-4901-9447-3b01a3d2a49f,John Hester,2025-12-13 11:35:10.263586,Churn_Retention_20_Percent,Sent
319ec8af-e6bd-4c66-b968-bd515ad5ef92,Daniel Strickland,2025-12-13 11:35:10.263695,Churn_Retention_20_Percent,Sent
fffc8c0f-0b2b-4630-8436-26372fc51463,Michelle Flores,2025-12-13 11:35:10.263800,Churn_Retention_20_Percent,Sent
7ccc8b9e-7f37-4731-9dfa-3409f1a12ab2,Deborah Davis,2025-12-13 11:35:10.263941,Churn_Retention_20_Percent,Sent
79ca6015-b15f-474a-88b9-d19690d4ffce,Stephen Dickson,2025-12-13 11:35:10.264065,Churn_Retention_20_Percent,Sent
84b5127c-0e8b-4639-bd41-b882eaed371c,Kenneth Owens,2025-12-13 11:35:10.264174,Churn_Retention_20_Percent,Sent
a22507b9-3518-4669-bdfc-b88b846e769b,Anthony Tucker,2025-12-13 11:35:10.264288,Churn_Retention_20_Percent,Sent
e7cabb9b-4fc5-43d4-8172-d03bd5741ca8,Stanley Allen,2025-12-13 11:35:10.264394,Churn_Retention_20_Percent,Sent
f7619c80-e495-41d0-a26d-ffcb3846f28b,Mark Fuentes,2025-12-13 11:35:10.264499,Churn_Retention_20_Percent,Sent
f0bebf61-35ab-4b69-af8c-7f7d7884df6d,Brandon Aguilar,2025-12-13 11:35:10.264601,Churn_Retention_20_Percent,Sent
9a662761-ad87-4a03-b31b-3d55685d8023,Heather Wilson,2025-12-13 11:35:10.264707,Churn_Retention_20_Percent,Sent
da731a4b-6218-4b66-8535-465db32aaa7b,Michael Wilson,2025-12-13 11:35:10.264813,Churn_Retention_20_Percent,Sent
6f68a41a-0df0-4a72-8c6c-c7f5c2784399,Jon Cross,2025-12-13 11:35:10.264948,Churn_Retention_20_Percent,Sent
b2315b10-85e9-47ae-87c0-6c2fa42c9ecf,Janice Anderson,2025-12-13 11:35:10.265056,Churn_Retention_20_Percent,Sent
c6082522-9040-4fc4-894f-ad346815c511,Joseph Shelton,2025-12-13 11:35:10.265160,Churn_Retention_20_Percent,Sent
01754458-3b4d-47a9-8e20-6374d79552f1,Julie Adams,2025-12-13 11:35:10.265263,Churn_Retention_20_Percent,Sent
90a7b2bb-bc37-4206-b540-238162d92e70,Kathleen Kim,2025-12-13 11:35:10.265366,Churn_Retention_20_Percent,Sent
e852ccea-2ce8-4cdb-adc2-0eb13d605cf2,Patrick Meadows,2025-12-13 11:35:10.265468,Churn_Retention_20_Percent,Sent
98b9fa0d-d654-4043-91c5-bcc5559f9e2f,Tyler Burns,2025-12-13 11:35:10.265571,Churn_Retention_20_Percent,Sent
849f9d11-4128-4ab4-893e-a164597a006e,Robert Coleman,2025-12-13 11:35:10.265674,Churn_Retention_20_Percent,Sent
6d0f69b8-8721-4405-b139-111bcd801a91,Gina Fleming,2025-12-13 11:35:10.265797,Churn_Retention_20_Percent,Sent
4466e8d5-5f42-48b4-87b5-866c27dbf6c8,Joseph Price,2025-12-13 11:35:10.265922,Churn_Retention_20_Percent,Sent
bc41f9bd-a0fd-4f52-97c3-59212f6d0c45,Adriana Ramos,2025-12-13 11:35:10.266028,Churn_Retention_20_Percent,Sent
df6a7b89-93f8-4ca6-b8d6-987d6bd5b24d,Grant Fletcher,2025-12-13 11:35:10.266131,Churn_Retention_20_Percent,Sent
1a61c09b-8232-4b5c-a842-7f2720951b9d,Samantha Sullivan,2025-12-13 11:35:10.266234,Churn_Retention_20_Percent,Sent
3a80e886-99a7-4e50-ac01-0a0e37b47b46,Terri Reese,2025-12-13 11:35:10.266336,Churn_Retention_20_Percent,Sent
0e2258fb-fbe5-4c91-887c-709809256182,Matthew Boone,2025-12-13 11:35:10.266438,Churn_Retention_20_Percent,Sent
5bd39b2f-f427-4983-b692-9a40b31713b4,Ebony Booth,2025-12-13 11:35:10.266540,Churn_Retention_20_Percent,Sent
9fa6d216-7f0a-4588-a1bf-bcf5bcee60f6,Carol Fowler,2025-12-13 11:35:10.266642,Churn_Retention_20_Percent,Sent
4a4d3fce-a8e0-4316-9240-1e7960d58e02,Jacob Todd,2025-12-13 11:35:10.266745,Churn_Retention_20_Percent,Sent
1956a833-9ccb-4790-9425-6d7efde08fb9,Kyle Owen,2025-12-13 11:35:10.266848,Churn_Retention_20_Percent,Sent
2dd61d1e-67ad-4c90-8c78-1843ae874042,Christopher Young,2025-12-13 11:35:10.266985,Churn_Retention_20_Percent,Sent
8535bee9-dbb2-405e-9270-197751f3994a,Joel Griffin,2025-12-13 11:35:10.267092,Churn_Retention_20_Percent,Sent
65fbec0e-7826-4879-b758-c1dc3923a09c,William Moore,2025-12-13 11:35:10.267194,Churn_Retention_20_Percent,Sent
b918e93b-cd11-407c-a986-a33f52d59315,James Edwards,2025-12-13 11:35:10.267296,Churn_Retention_20_Percent,Sent
7e957cdb-5ce0-40c2-9417-762c94308bcb,Melissa Atkinson,2025-12-13 11:35:10.267398,Churn_Retention_20_Percent,Sent
bce7e9d7-77ca-4398-b341-976209373932,Rebecca Murray,2025-12-13 11:35:10.267522,Churn_Retention_20_Percent,Sent
9cf4556b-a20f-4dd5-b27b-3cefef138470,Deborah Johnson,2025-12-13 11:35:10.267631,Churn_Retention_20_Percent,Sent
6da51477-c442-404e-8fcc-02aca387de89,Nancy Rios,2025-12-13 11:35:10.267735,Churn_Retention_20_Percent,Sent
f1ba8d96-2c75-47c6-aefa-37663cc5c885,Brianna Kirby,2025-12-13 11:35:10.267838,Churn_Retention_20_Percent,Sent
0f18a4ac-a520-4ffa-af1f-c6ab22ef7a32,Jill Peterson,2025-12-13 11:35:10.267964,Churn_Retention_20_Percent,Sent
f6c58bb1-4785-4e61-a49a-1925c523e52c,Kyle Schwartz,2025-12-13 11:35:10.268069,Churn_Retention_20_Percent,Sent
a98106cc-f2fc-4f38-8877-dc017ba18ae8,Heather Fox,2025-12-13 11:35:10.268171,Churn_Retention_20_Percent,Sent
5ece668c-62cb-4222-9e1b-79bbcadba2e4,Robert Cox,2025-12-13 11:35:10.268272,Churn_Retention_20_Percent,Sent
3c3702bf-8979-4065-a2a9-56eaf291919c,Kristin Pitts,2025-12-13 11:35:10.268374,Churn_Retention_20_Percent,Sent
e4097e5f-3bc5-4ea1-9b22-be7d055bb138,Courtney Martinez,2025-12-13 11:35:10.268475,Churn_Retention_20_Percent,Sent
58e9ee69-b316-4733-8611-e70aa6b98250,Erin Medina,2025-12-13 11:35:10.268577,Churn_Retention_20_Percent,Sent
26d9c04c-2f42-4b69-8c1d-fec4c7cf3dff,Paul Jackson,2025-12-13 11:35:10.268679,Churn_Retention_20_Percent,Sent
cf152089-67ab-4a1f-867a-495561b1de78,Alexander Alvarez,2025-12-13 11:35:10.268781,Churn_Retention_20_Percent,Sent
07d10a50-7263-4ade-abc1-d0fc8ca51759,John Hodge,2025-12-13 11:35:10.268902,Churn_Retention_20_Percent,Sent
52fe358f-44c8-4624-b68e-ff8777b0ad6e,Angela Chavez,2025-12-13 11:35:10.269021,Churn_Retention_20_Percent,Sent
fa53de31-3b8f-447b-8630-f270cb46db4d,Ricky Hines,2025-12-13 11:35:10.269127,Churn_Retention_20_Percent,Sent
e8687088-adc6-4048-a006-c2fa14b0fde5,Kristina Martinez,2025-12-13 11:35:10.269230,Churn_Retention_20_Percent,Sent
530b0362-63d7-4f0e-80d5-9b0f3a7b55dc,Chris Long,2025-12-13 11:35:10.269334,Churn_Retention_20_Percent,Sent
ecc915a0-0ffa-4e82-b0c9-c652ce1f2c05,Kelly Reid,2025-12-13 11:35:10.269437,Churn_Retention_20_Percent,Sent
9194605d-85e6-4ad0-9291-6ac0137f0233,James Estrada,2025-12-13 11:35:10.269538,Churn_Retention_20_Percent,Sent
2e847f2a-d773-4379-a5d9-75822a829eda,Gwendolyn Elliott,2025-12-13 11:35:10.269640,Churn_Retention_20_Percent,Sent
f8e02316-e61a-4993-b715-0b614d7cd04b,Virginia Wang,2025-12-13 11:35:10.269755,Churn_Retention_20_Percent,Sent
4f62a353-a969-44f8-aa17-50e0bde4533a,Jaime Thomas,2025-12-13 11:35:10.269857,Churn_Retention_20_Percent,Sent
4ad1811c-1191-41aa-92f0-36e041350876,Rachel Casey,2025-12-13 11:35:10.269991,Churn_Retention_20_Percent,Sent
d28c7781-f388-4cc1-8c41-3abf2288e1e2,Patricia Perez,2025-12-13 11:35:10.270098,Churn_Retention_20_Percent,Sent
89b50645-eb97-4a06-bea5-80dedc934138,Shane Sanchez,2025-12-13 11:35:10.270201,Churn_Retention_20_Percent,Sent
d97615d2-8ad6-4966-be57-83cddd4d52b8,Elizabeth Robertson,2025-12-13 11:35:10.270304,Churn_Retention_20_Percent,Sent
9b73a168-24e2-4c8b-8762-f737003ec0d2,Duane Dennis,2025-12-13 11:35:10.270407,Churn_Retention_20_Percent,Sent
d35f82fe-b50f-4252-ae95-c2399dacc2e9,Michael Gonzalez,2025-12-13 11:35:10.270511,Churn_Retention_20_Percent,Sent
89935a75-14fc-4e5c-89ec-9fd13efe2c9b,Tony Hicks,2025-12-13 11:35:10.270613,Churn_Retention_20_Percent,Sent
fed52a05-d1cc-468d-a741-20cb93d1e9bd,Seth Norris,2025-12-13 11:35:10.270729,Churn_Retention_20_Percent,Sent
dcbe5ef0-396f-43c8-8e37-c86ab6592cfb,Bradley Maynard,2025-12-13 11:35:10.270838,Churn_Retention_20_Percent,Sent
b6bbb11b-3730-457a-aff3-622962747be0,Ryan Fowler,2025-12-13 11:35:10.270976,Churn_Retention_20_Percent,Sent
a35cff43-6296-417f-851f-559958543380,Shawn Rice,2025-12-13 11:35:10.271083,Churn_Retention_20_Percent,Sent
0fb1b58b-a6f2-4dbf-9dab-c6315459312b,Katherine Davis,2025-12-13 11:35:10.271187,Churn_Retention_20_Percent,Sent
89e55ad7-90f0-40c8-b9d7-5d50604c7504,Jacqueline Walker,2025-12-13 11:35:10.271288,Churn_Retention_20_Percent,Sent
be6fa48d-dbaa-48d2-80de-61df54b36091,Amy Smith,2025-12-13 11:35:10.271391,Churn_Retention_20_Percent,Sent
8e73d726-b5db-4efa-980f-9c2c0063112a,Ryan Velasquez,2025-12-13 11:35:10.271492,Churn_Retention_20_Percent,Sent
8553466c-33a3-4cf4-b75f-009ae815756a,Natasha Levy,2025-12-13 11:35:10.271594,Churn_Retention_20_Percent,Sent
0c8c6f5d-bcb0-4061-b5d1-75c574f82086,Daniel Cooper,2025-12-13 11:35:10.271696,Churn_Retention_20_Percent,Sent
1e2dedb6-2165-4c75-a86f-3b112471aa61,Vanessa Davis,2025-12-13 11:35:10.271797,Churn_Retention_20_Percent,Sent
57160e5d-05fb-40fe-99b2-2c6e55df2c7d,Deborah Sellers,2025-12-13 11:35:10.271920,Churn_Retention_20_Percent,Sent
00cf35a2-5696-4740-a32d-b11d90638192,Kelly Mcmahon,2025-12-13 11:35:10.272027,Churn_Retention_20_Percent,Sent
5be30159-c5cd-42a5-9771-9f04b1986e03,Brian Morgan,2025-12-13 11:35:10.272128,Churn_Retention_20_Percent,Sent
64a57200-9ef8-4110-b86c-4bd282c5082f,Mitchell Garza,2025-12-13 11:35:10.272231,Churn_Retention_20_Percent,Sent
9deba990-d058-44af-af15-72759d38cf38,Katherine Roberts,2025-12-13 11:35:10.272334,Churn_Retention_20_Percent,Sent
62651cc8-0dd1-41f0-9828-063e7aa62ed6,Jessica Fitzgerald,2025-12-13 11:35:10.272444,Churn_Retention_20_Percent,Sent
d89c50a2-0562-4a26-a1af-e7004d6176ec,Angela Orozco,2025-12-13 11:35:10.272545,Churn_Retention_20_Percent,Sent
9aef638d-8fd6-48b8-a003-262d0acc72c4,Shannon Bass,2025-12-13 11:35:10.272647,Churn_Retention_20_Percent,Sent
47e3b8cc-bb33-45f9-98db-0948088c7fdd,Kristi Torres,2025-12-13 11:35:10.272749,Churn_Retention_20_Percent,Sent
8ec85043-d4ea-45f9-a6bd-c3fdd2e2d3e3,Evelyn Franklin,2025-12-13 11:35:10.272850,Churn_Retention_20_Percent,Sent
5b881888-c69f-4582-8e78-036ed4ebca3e,Dana Dillon,2025-12-13 11:35:10.272976,Churn_Retention_20_Percent,Sent
02d2fb8f-7538-4923-9fe7-5319f0242929,Melissa Gordon,2025-12-13 11:35:10.273083,Churn_Retention_20_Percent,Sent
b338b816-c75b-4477-8bc8-83e00cb5a891,Teresa Shields,2025-12-13 11:35:10.273184,Churn_Retention_20_Percent,Sent
3e5987cb-a969-48fa-96c6-c768cb3f631c,Jonathan Coffey,2025-12-13 11:35:10.273293,Churn_Retention_20_Percent,Sent
443f8190-b12e-459d-bca6-91229d7c4f9d,Jeffrey Butler,2025-12-13 11:35:10.273396,Churn_Retention_20_Percent,Sent
97b8d99d-98c7-4908-80b2-ea6f39c777cd,Carrie Chaney,2025-12-13 11:35:10.273499,Churn_Retention_20_Percent,Sent
6e8f0fed-3ad9-45d0-99f9-5accbe4a38a7,Juan Kim,2025-12-13 11:35:10.273601,Churn_Retention_20_Percent,Sent
835ffa4e-5ff3-488d-861a-3888e8d6eb1b,Daniel Conrad,2025-12-13 11:35:10.273705,Churn_Retention_20_Percent,Sent
51a04b27-58e3-4c5e-9404-0b3dc996b320,Rachel Douglas,2025-12-13 11:35:10.273806,Churn_Retention_20_Percent,Sent
78778d6b-31c6-436e-8a0f-2ce7f1baf814,Angela Blair,2025-12-13 11:35:10.273939,Churn_Retention_20_Percent,Sent
cc1a6f3e-f448-471a-a4e9-0ea56868b292,Andrew Patterson,2025-12-13 11:35:10.274047,Churn_Retention_20_Percent,Sent
bd7265d7-218a-4b61-a47b-d26f09d9632c,Tony Davis,2025-12-13 11:35:10.274149,Churn_Retention_20_Percent,Sent
d3a35379-ff42-4c06-897b-6bc0ac944a8c,Eric Mata,2025-12-13 11:35:10.274238,Churn_Retention_20_Percent,Sent
6790fd58-9316-4141-9c4a-5eb3ba08d440,Jeff Welch,2025-12-13 11:35:10.274333,Churn_Retention_20_Percent,Sent
21323be9-1406-405c-a272-cac785bd3c2f,Andrew Lee,2025-12-13 11:35:10.274436,Churn_Retention_20_Percent,Sent
1a83fee6-942d-4a38-ae42-1555824cad89,Brittany Coleman,2025-12-13 11:35:10.274538,Churn_Retention_20_Percent,Sent
25184bd7-0ea7-44c9-a72f-164ffb26f5b2,James Ibarra,2025-12-13 11:35:10.274640,Churn_Retention_20_Percent,Sent
ab779b68-92b6-466b-99cc-ab61c0ebfc77,Hayden Yang,2025-12-13 11:35:10.274749,Churn_Retention_20_Percent,Sent
4493f2ec-e5f7-47fe-9fd7-99d27b44e9e7,Rachel Jones,2025-12-13 11:35:10.274852,Churn_Retention_20_Percent,Sent
363c5f81-a603-4300-9794-f9bc7ebec478,Shane Hardin,2025-12-13 11:35:10.274976,Churn_Retention_20_Percent,Sent
7fd68924-5d20-4daf-afcd-674c051def3e,Matthew Chung,2025-12-13 11:35:10.275070,Churn_Retention_20_Percent,Sent
9af6dc51-d762-4443-9b30-c8625b2321ea,David Walker,2025-12-13 11:35:10.275162,Churn_Retention_20_Percent,Sent
0f834476-060a-44a3-aeff-10f43737e562,Brenda Carpenter,2025-12-13 11:35:10.275254,Churn_Retention_20_Percent,Sent
c730cf93-f3ed-44c5-8713-921576046f7b,Jacob Stevens,2025-12-13 11:35:10.275346,Churn_Retention_20_Percent,Sent
9178cf49-2f2b-434d-8938-bb49eda31875,Ian Rodriguez,2025-12-13 11:35:10.275444,Churn_Retention_20_Percent,Sent
d736c814-875b-4c05-8253-9fd78b67cf19,Christopher Castaneda,2025-12-13 11:35:10.275555,Churn_Retention_20_Percent,Sent
eac10a5d-1b75-4878-9d64-974e07246088,Laura Willis,2025-12-13 11:55:30.955979,Churn_Retention_20_Percent,Sent
ac115d89-21db-4b6a-85eb-48834c287dfe,Trevor Mendez,2025-12-13 11:55:30.956056,Churn_Retention_20_Percent,Sent
c153e0ee-04c3-4379-9cd7-b628b5f5fedc,Lauren Adams,2025-12-13 11:55:30.956118,Churn_Retention_20_Percent,Sent
b5e036b4-7791-49e1-b23a-1b0cf859ecbb,Cynthia Kennedy,2025-12-13 11:55:30.956174,Churn_Retention_20_Percent,Sent
5594b0ea-c4dd-456b-9a26-b4c4a8270401,Benjamin Arias,2025-12-13 11:55:30.956228,Churn_Retention_20_Percent,Sent
9893c7f1-2614-48ef-baee-c6a69c7e8603,Kyle Page,2025-12-13 11:55:30.956283,Churn_Retention_20_Percent,Sent
bb28d791-935e-4a7c-bea2-196e39265287,Laura Liu,2025-12-13 11:55:30.956337,Churn_Retention_20_Percent,Sent
261804b6-ddb2-43bc-ae27-1c1996fd15e6,Katrina Miller,2025-12-13 11:55:30.956391,Churn_Retention_20_Percent,Sent
7c785d29-4b01-4d71-9787-d3ab40a0f6a4,Olivia Robinson,2025-12-13 11:55:30.956445,Churn_Retention_20_Percent,Sent
6ebbb2d8-77ca-4d93-bdf9-8c763f9c9251,Michael Duncan,2025-12-13 11:55:30.956498,Churn_Retention_20_Percent,Sent
21943bf3-b7f8-4cfd-aace-c189a923b730,Deborah Ellis,2025-12-13 11:55:30.956551,Churn_Retention_20_Percent,Sent
9c911823-963a-4ae3-aa6d-c6ac809c2c66,Jerry Sanchez,2025-12-13 11:55:30.956611,Churn_Retention_20_Percent,Sent
36704879-00cf-457e-ae2d-fab110aa073f,Lisa Orozco,2025-12-13 11:55:30.956677,Churn_Retention_20_Percent,Sent
c50d6ad8-43cb-46f6-a7bc-d01f2896ff16,Andrew Sanchez,2025-12-13 11:55:30.956734,Churn_Retention_20_Percent,Sent
0da9e670-4d92-441c-bfd6-53d80cfb62f2,Gregory Wise,2025-12-13 11:55:30.956789,Churn_Retention_20_Percent,Sent
0c75bd18-a050-4840-ae28-e94ad1ccb536,Sarah Davis,2025-12-13 11:55:30.956843,Churn_Retention_20_Percent,Sent
6f817a41-71b2-4d34-91c0-4900f376629e,Theresa Macias,2025-12-13 11:55:30.956915,Churn_Retention_20_Percent,Sent
108e23c5-21df-4d72-a591-18494d5cb562,Michael Robinson,2025-12-13 11:55:30.956976,Churn_Retention_20_Percent,Sent
e496b776-74ef-4e80-91be-20f79c3ca68e,Rebecca Davis,2025-12-13 11:55:30.957034,Churn_Retention_20_Percent,Sent
2908c66b-507c-4721-a22f-dced6da82e55,Jose Davis,2025-12-13 11:55:30.957090,Churn_Retention_20_Percent,Sent
996d6440-6f31-4929-9104-df578ce9d1b2,Courtney Ford,2025-12-13 11:55:30.957143,Churn_Retention_20_Percent,Sent
6d58e2dc-7812-48dd-969d-e6a962cc4c27,Meredith Frye,2025-12-13 11:55:30.957195,Churn_Retention_20_Percent,Sent
4c49da5e-10de-4090-863f-d7fe8c53591a,Robert Smith,2025-12-13 11:55:30.957248,Churn_Retention_20_Percent,Sent
35eacfae-58ae-4c15-b620-9244b4f91c10,Paige Williams,2025-12-13 11:55:30.957301,Churn_Retention_20_Percent,Sent
c82616a5-a941-4df9-8408-12e32c6a1d48,Robin Hoover,2025-12-13 11:55:30.957353,Churn_Retention_20_Percent,Sent
c583e007-0a4e-4889-9708-96d5656261dc,Megan Fischer,2025-12-13 11:55:30.957404,Churn_Retention_20_Percent,Sent
f77795f3-0d2e-41a1-adc2-27e1e7d18daa,Glenn Todd,2025-12-13 11:55:30.957456,Churn_Retention_20_Percent,Sent
63dec8dc-a9f3-4a78-8441-dc929f6b87ee,Dr. Kenneth Wang Jr.,2025-12-13 11:55:30.957507,Churn_Retention_20_Percent,Sent
90a84cd2-58b2-4a1c-b259-5ced6dedd803,Mark Anderson,2025-12-13 11:55:30.957559,Churn_Retention_20_Percent,Sent
9e9ca0ac-e727-417a-ac57-eb1b85ff16ad,Jason Meyer,2025-12-13 11:55:30.957611,Churn_Retention_20_Percent,Sent
7bae3196-a07f-4ae1-b363-e17b6ceb5900,Linda Ward,2025-12-13 11:55:30.957663,Churn_Retention_20_Percent,Sent
c6a00bfe-06e8-467e-bfbb-4b974cebe911,Crystal Holland,2025-12-13 11:55:30.957715,Churn_Retention_20_Percent,Sent
0259ea5e-80b2-4c05-b478-40b8e1fc75b3,Clinton Spencer,2025-12-13 11:55:30.957801,Churn_Retention_20_Percent,Sent
cb2f6ddb-66d6-48bc-bdf5-171d0c9ea945,Steven Johnson,2025-12-13 11:55:30.957915,Churn_Retention_20_Percent,Sent
58c9d450-8b34-4fcf-9175-e669ddd7e776,Nicole Davis,2025-12-13 11:55:30.958007,Churn_Retention_20_Percent,Sent
aa5afba1-7286-46da-9bf3-531a4fa2d99e,Brandon Davis,2025-12-13 11:55:30.958093,Churn_Retention_20_Percent,Sent
c548b6cf-4258-45eb-afe3-418081694bc3,Savannah Cook,2025-12-13 11:55:30.958197,Churn_Retention_20_Percent,Sent
a1b6a524-77db-45ea-aeaa-2bdfacd5a180,Janet Hansen,2025-12-13 11:55:30.958301,Churn_Retention_20_Percent,Sent
318297ae-f677-45b8-bcc5-c0273416fc24,Jay Hall,2025-12-13 11:55:30.958405,Churn_Retention_20_Percent,Sent
f4b3afd5-84bb-4388-9af6-d2e42453982b,Erin Dillon,2025-12-13 11:55:30.958508,Churn_Retention_20_Percent,Sent
f9779705-5f13-4d70-8bc8-b89ce78eabd6,Sean Thomas,2025-12-13 11:55:30.958612,Churn_Retention_20_Percent,Sent
f692133b-7ecd-4dd5-ade5-0e1785611d64,Warren Moore,2025-12-13 11:55:30.958715,Churn_Retention_20_Percent,Sent
415c71bc-0503-4d98-90e6-ee39a63b5289,Keith Fernandez,2025-12-13 11:55:30.958819,Churn_Retention_20_Percent,Sent
76761940-eada-496a-b555-ccdc0416a486,Diana Gomez,2025-12-13 11:55:30.958945,Churn_Retention_20_Percent,Sent
a82a4369-e263-429f-9f0c-2ce5082c5e6a,Nicholas Moore,2025-12-13 11:55:30.959052,Churn_Retention_20_Percent,Sent
96d29d0a-1673-4dd0-865a-db451eb8057d,Danielle Faulkner,2025-12-13 11:55:30.959156,Churn_Retention_20_Percent,Sent
2b06bb94-24c6-473d-b1c4-81071c8e090b,Kathleen Baldwin,2025-12-13 11:55:30.959258,Churn_Retention_20_Percent,Sent
3c1b1831-028c-4efc-99bb-84620dec3bc1,Taylor Walls,2025-12-13 11:55:30.959361,Churn_Retention_20_Percent,Sent
bda3e429-8fb4-40da-abed-f31a52c6dcc9,Alexander Copeland,2025-12-13 11:55:30.959462,Churn_Retention_20_Percent,Sent
16fcaf53-112a-49dc-884b-647861169a11,Austin Torres,2025-12-13 11:55:30.959575,Churn_Retention_20_Percent,Sent
f8d19c97-61c1-4b50-9bac-03326f1a3dd0,Wendy Gallegos,2025-12-13 11:55:30.959676,Churn_Retention_20_Percent,Sent
f18a26c9-e15a-4080-a282-ae9ec41f13d9,Matthew Blackwell,2025-12-13 11:55:30.959786,Churn_Retention_20_Percent,Sent
5a80ddd2-eb98-4e11-961c-05a817006d17,Michelle Martin,2025-12-13 11:55:30.959912,Churn_Retention_20_Percent,Sent
1548e176-bc87-45a4-92cb-674f1cab0db7,Regina Gonzales,2025-12-13 11:55:30.960022,Churn_Retention_20_Percent,Sent
6fc53623-b435-40f8-ab49-b1bd7f5c013c,Richard Johnson,2025-12-13 11:55:30.960124,Churn_Retention_20_Percent,Sent
28e56b4b-6551-4568-92bb-6163a6b46433,Heather Collins,2025-12-13 11:55:30.960226,Churn_Retention_20_Percent,Sent
75e6b8a7-5bae-4e38-ae36-7cb6d294f260,Marcia Garner,2025-12-13 11:55:30.960327,Churn_Retention_20_Percent,Sent
fc9c28c6-ad17-495b-8317-9b6149fa526c,Rachel Hart,2025-12-13 11:55:30.960428,Churn_Retention_20_Percent,Sent
9c8b95aa-f4b4-460f-a392-be5f22a37636,Tyler Kelly,2025-12-13 11:55:30.960529,Churn_Retention_20_Percent,Sent
64bf7593-66d5-4a3c-9216-804e80babb22,Kevin Martinez,2025-12-13 11:55:30.960639,Churn_Retention_20_Percent,Sent
1240185e-dfd5-41f9-854c-f338f0c8d423,Thomas Moore,2025-12-13 11:55:30.960740,Churn_Retention_20_Percent,Sent
eb11a92f-4669-4381-861f-1d73c9144181,Shane Brown,2025-12-13 11:55:30.960842,Churn_Retention_20_Percent,Sent
a5f22be2-e8e6-4f91-a369-2867314410a2,Jesus Briggs Jr.,2025-12-13 11:55:30.960974,Churn_Retention_20_Percent,Sent
ac3da6bb-df44-49a1-b34b-fbc2eee18de6,Paula Ross,2025-12-13 11:55:30.961078,Churn_Retention_20_Percent,Sent
da4fd83b-653a-4e09-8c9d-5768a4ea39f5,Jamie Gould,2025-12-13 11:55:30.961193,Churn_Retention_20_Percent,Sent
2452578b-ccae-497e-a5a7-7d04eaf7e167,Amanda Moore,2025-12-13 11:55:30.961311,Churn_Retention_20_Percent,Sent
19e1f275-55e1-4774-adc5-8949f06ca22f,Jessica Wilcox,2025-12-13 11:55:30.961414,Churn_Retention_20_Percent,Sent
751b3122-ae33-46d1-b553-b969743fccdc,Lisa Wilson,2025-12-13 11:55:30.961523,Churn_Retention_20_Percent,Sent
0072ea9a-3a37-4d6c-9511-339faf78fe48,Robert Miller,2025-12-13 11:55:30.961625,Churn_Retention_20_Percent,Sent
c2ca75aa-cbb9-49c9-b96e-c942dcf6a318,Maurice Hernandez,2025-12-13 11:55:30.961728,Churn_Retention_20_Percent,Sent
4861002a-1c92-481d-bed3-23129c8bf710,Jasmine Moss,2025-12-13 11:55:30.961830,Churn_Retention_20_Percent,Sent
81a5e51b-f2d0-4463-90d5-d117717bc03c,Kayla Johnson,2025-12-13 11:55:30.961965,Churn_Retention_20_Percent,Sent
4208181a-1663-4273-a75f-a9c3e7b09101,Anthony Dennis,2025-12-13 11:55:30.962072,Churn_Retention_20_Percent,Sent
7c9377f1-d331-44f5-bb22-317a7170b5ca,Nicole Dodson,2025-12-13 11:55:30.962174,Churn_Retention_20_Percent,Sent
2d58d8ce-ae86-4c87-ace2-fc556b27243b,Ashley Berg,2025-12-13 11:55:30.962282,Churn_Retention_20_Percent,Sent
f7c918c2-9e7b-42d4-ad8c-f30a23ce6bd6,April Christensen DDS,2025-12-13 11:55:30.962384,Churn_Retention_20_Percent,Sent
249f46d9-d8f9-4c36-95a3-2695c3cab25c,Carol Warren,2025-12-13 11:55:30.962487,Churn_Retention_20_Percent,Sent
b7213026-1caa-4c47-b60c-f0b2a128e0b8,William Burton,2025-12-13 11:55:30.962598,Churn_Retention_20_Percent,Sent
ec717c44-1d75-4eb2-8568-cfa7a1bef63f,Alicia Gibbs,2025-12-13 11:55:30.962701,Churn_Retention_20_Percent,Sent
1af5f51b-5e34-4d70-b14c-f4a5345f8740,Suzanne Mccoy,2025-12-13 11:55:30.962801,Churn_Retention_20_Percent,Sent
122a52a5-9db6-422e-8e17-6d5d4647e268,Ian Harris,2025-12-13 11:55:30.962937,Churn_Retention_20_Percent,Sent
b3bb92a2-351f-4903-ade0-0f968c3562a7,Nicholas Watkins,2025-12-13 11:55:30.963046,Churn_Retention_20_Percent,Sent
8e405c43-acb4-4071-974d-240804f8f020,Philip Williams,2025-12-13 11:55:30.963157,Churn_Retention_20_Percent,Sent
38e48096-e922-43cb-811c-f3aae19c6ec8,Courtney Harris,2025-12-13 11:55:30.963258,Churn_Retention_20_Percent,Sent
b439016c-e8c1-40bb-aba2-6761efe0f0a0,Beth Blevins,2025-12-13 11:55:30.963358,Churn_Retention_20_Percent,Sent
4b12429c-a328-4784-bb87-7839ce7e6f3b,Timothy Guzman,2025-12-13 11:55:30.963459,Churn_Retention_20_Percent,Sent
c119f019-79b0-4400-aa35-b1407ec34d21,Cheryl Reyes,2025-12-13 11:55:30.963560,Churn_Retention_20_Percent,Sent
d7232bfe-79ef-48aa-bf85-ba094f0c1290,Rebecca Robertson,2025-12-13 11:55:30.963661,Churn_Retention_20_Percent,Sent
47f6bcbc-bdba-4e96-9484-d6085d29f574,Amanda Parker,2025-12-13 11:55:30.963763,Churn_Retention_20_Percent,Sent
806a33b4-3833-497f-ada8-c28031ca53e3,Chad Shaw,2025-12-13 11:55:30.963863,Churn_Retention_20_Percent,Sent
952e25e1-a6f8-4c21-8791-7656adbe6346,David Frye,2025-12-13 11:55:30.963991,Churn_Retention_20_Percent,Sent
fd3a3a3a-a030-4605-8d11-24a5d668e464,Richard Green,2025-12-13 11:55:30.964096,Churn_Retention_20_Percent,Sent
563d5ac9-7608-4901-9447-3b01a3d2a49f,John Hester,2025-12-13 11:55:30.964197,Churn_Retention_20_Percent,Sent
319ec8af-e6bd-4c66-b968-bd515ad5ef92,Daniel Strickland,2025-12-13 11:55:30.964298,Churn_Retention_20_Percent,Sent
fffc8c0f-0b2b-4630-8436-26372fc51463,Michelle Flores,2025-12-13 11:55:30.964398,Churn_Retention_20_Percent,Sent
7ccc8b9e-7f37-4731-9dfa-3409f1a12ab2,Deborah Davis,2025-12-13 11:55:30.964499,Churn_Retention_20_Percent,Sent
79ca6015-b15f-474a-88b9-d19690d4ffce,Stephen Dickson,2025-12-13 11:55:30.964611,Churn_Retention_20_Percent,Sent
84b5127c-0e8b-4639-bd41-b882eaed371c,Kenneth Owens,2025-12-13 11:55:30.964716,Churn_Retention_20_Percent,Sent
a22507b9-3518-4669-bdfc-b88b846e769b,Anthony Tucker,2025-12-13 11:55:30.964824,Churn_Retention_20_Percent,Sent
e7cabb9b-4fc5-43d4-8172-d03bd5741ca8,Stanley Allen,2025-12-13 11:55:30.967074,Churn_Retention_20_Percent,Sent
f7619c80-e495-41d0-a26d-ffcb3846f28b,Mark Fuentes,2025-12-13 11:55:30.967198,Churn_Retention_20_Percent,Sent
f0bebf61-35ab-4b69-af8c-7f7d7884df6d,Brandon Aguilar,2025-12-13 11:55:30.967309,Churn_Retention_20_Percent,Sent
9a662761-ad87-4a03-b31b-3d55685d8023,Heather Wilson,2025-12-13 11:55:30.967413,Churn_Retention_20_Percent,Sent
da731a4b-6218-4b66-8535-465db32aaa7b,Michael Wilson,2025-12-13 11:55:30.967515,Churn_Retention_20_Percent,Sent
6f68a41a-0df0-4a72-8c6c-c7f5c2784399,Jon Cross,2025-12-13 11:55:30.967624,Churn_Retention_20_Percent,Sent
b2315b10-85e9-47ae-87c0-6c2fa42c9ecf,Janice Anderson,2025-12-13 11:55:30.967726,Churn_Retention_20_Percent,Sent
c6082522-9040-4fc4-894f-ad346815c511,Joseph Shelton,2025-12-13 11:55:30.967827,Churn_Retention_20_Percent,Sent
01754458-3b4d-47a9-8e20-6374d79552f1,Julie Adams,2025-12-13 11:55:30.967951,Churn_Retention_20_Percent,Sent
90a7b2bb-bc37-4206-b540-238162d92e70,Kathleen Kim,2025-12-13 11:55:30.968056,Churn_Retention_20_Percent,Sent
e852ccea-2ce8-4cdb-adc2-0eb13d605cf2,Patrick Meadows,2025-12-13 11:55:30.968159,Churn_Retention_20_Percent,Sent
98b9fa0d-d654-4043-91c5-bcc5559f9e2f,Tyler Burns,2025-12-13 11:55:30.968259,Churn_Retention_20_Percent,Sent
849f9d11-4128-4ab4-893e-a164597a006e,Robert Coleman,2025-12-13 11:55:30.968360,Churn_Retention_20_Percent,Sent
6d0f69b8-8721-4405-b139-111bcd801a91,Gina Fleming,2025-12-13 11:55:30.968460,Churn_Retention_20_Percent,Sent
4466e8d5-5f42-48b4-87b5-866c27dbf6c8,Joseph Price,2025-12-13 11:55:30.968559,Churn_Retention_20_Percent,Sent
bc41f9bd-a0fd-4f52-97c3-59212f6d0c45,Adriana Ramos,2025-12-13 11:55:30.968659,Churn_Retention_20_Percent,Sent
df6a7b89-93f8-4ca6-b8d6-987d6bd5b24d,Grant Fletcher,2025-12-13 11:55:30.968759,Churn_Retention_20_Percent,Sent
1a61c09b-8232-4b5c-a842-7f2720951b9d,Samantha Sullivan,2025-12-13 11:55:30.968859,Churn_Retention_20_Percent,Sent
3a80e886-99a7-4e50-ac01-0a0e37b47b46,Terri Reese,2025-12-13 11:55:30.971010,Churn_Retention_20_Percent,Sent
0e2258fb-fbe5-4c91-887c-709809256182,Matthew Boone,2025-12-13 11:55:30.971122,Churn_Retention_20_Percent,Sent
5bd39b2f-f427-4983-b692-9a40b31713b4,Ebony Booth,2025-12-13 11:55:30.971227,Churn_Retention_20_Percent,Sent
9fa6d216-7f0a-4588-a1bf-bcf5bcee60f6,Carol Fowler,2025-12-13 11:55:30.971331,Churn_Retention_20_Percent,Sent
4a4d3fce-a8e0-4316-9240-1e7960d58e02,Jacob Todd,2025-12-13 11:55:30.971432,Churn_Retention_20_Percent,Sent
1956a833-9ccb-4790-9425-6d7efde08fb9,Kyle Owen,2025-12-13 11:55:30.971533,Churn_Retention_20_Percent,Sent
2dd61d1e-67ad-4c90-8c78-1843ae874042,Christopher Young,2025-12-13 11:55:30.971636,Churn_Retention_20_Percent,Sent
8535bee9-dbb2-405e-9270-197751f3994a,Joel Griffin,2025-12-13 11:55:30.971737,Churn_Retention_20_Percent,Sent
65fbec0e-7826-4879-b758-c1dc3923a09c,William Moore,2025-12-13 11:55:30.971838,Churn_Retention_20_Percent,Sent
b918e93b-cd11-407c-a986-a33f52d59315,James Edwards,2025-12-13 11:55:30.971957,Churn_Retention_20_Percent,Sent
7e957cdb-5ce0-40c2-9417-762c94308bcb,Melissa Atkinson,2025-12-13 11:55:30.972061,Churn_Retention_20_Percent,Sent
bce7e9d7-77ca-4398-b341-976209373932,Rebecca Murray,2025-12-13 11:55:30.972183,Churn_Retention_20_Percent,Sent
9cf4556b-a20f-4dd5-b27b-3cefef138470,Deborah Johnson,2025-12-13 11:55:30.972289,Churn_Retention_20_Percent,Sent
6da51477-c442-404e-8fcc-02aca387de89,Nancy Rios,2025-12-13 11:55:30.972391,Churn_Retention_20_Percent,Sent
f1ba8d96-2c75-47c6-aefa-37663cc5c885,Brianna Kirby,2025-12-13 11:55:30.972491,Churn_Retention_20_Percent,Sent
0f18a4ac-a520-4ffa-af1f-c6ab22ef7a32,Jill Peterson,2025-12-13 11:55:30.972598,Churn_Retention_20_Percent,Sent
f6c58bb1-4785-4e61-a49a-1925c523e52c,Kyle Schwartz,2025-12-13 11:55:30.972698,Churn_Retention_20_Percent,Sent
a98106cc-f2fc-4f38-8877-dc017ba18ae8,Heather Fox,2025-12-13 11:55:30.972797,Churn_Retention_20_Percent,Sent
5ece668c-62cb-4222-9e1b-79bbcadba2e4,Robert Cox,2025-12-13 11:55:30.973882,Churn_Retention_20_Percent,Sent
3c3702bf-8979-4065-a2a9-56eaf291919c,Kristin Pitts,2025-12-13 11:55:30.974018,Churn_Retention_20_Percent,Sent
e4097e5f-3bc5-4ea1-9b22-be7d055bb138,Courtney Martinez,2025-12-13 11:55:30.974123,Churn_Retention_20_Percent,Sent
58e9ee69-b316-4733-8611-e70aa6b98250,Erin Medina,2025-12-13 11:55:30.974234,Churn_Retention_20_Percent,Sent
26d9c04c-2f42-4b69-8c1d-fec4c7cf3dff,Paul Jackson,2025-12-13 11:55:30.974336,Churn_Retention_20_Percent,Sent
cf152089-67ab-4a1f-867a-495561b1de78,Alexander Alvarez,2025-12-13 11:55:30.974437,Churn_Retention_20_Percent,Sent
07d10a50-7263-4ade-abc1-d0fc8ca51759,John Hodge,2025-12-13 11:55:30.974537,Churn_Retention_20_Percent,Sent
52fe358f-44c8-4624-b68e-ff8777b0ad6e,Angela Chavez,2025-12-13 11:55:30.974636,Churn_Retention_20_Percent,Sent
fa53de31-3b8f-447b-8630-f270cb46db4d,Ricky Hines,2025-12-13 11:55:30.974738,Churn_Retention_20_Percent,Sent
e8687088-adc6-4048-a006-c2fa14b0fde5,Kristina Martinez,2025-12-13 11:55:30.974841,Churn_Retention_20_Percent,Sent
530b0362-63d7-4f0e-80d5-9b0f3a7b55dc,Chris Long,2025-12-13 11:55:30.974966,Churn_Retention_20_Percent,Sent
ecc915a0-0ffa-4e82-b0c9-c652ce1f2c05,Kelly Reid,2025-12-13 11:55:30.975068,Churn_Retention_20_Percent,Sent
9194605d-85e6-4ad0-9291-6ac0137f0233,James Estrada,2025-12-13 11:55:30.975169,Churn_Retention_20_Percent,Sent
2e847f2a-d773-4379-a5d9-75822a829eda,Gwendolyn Elliott,2025-12-13 11:55:30.975269,Churn_Retention_20_Percent,Sent
f8e02316-e61a-4993-b715-0b614d7cd04b,Virginia Wang,2025-12-13 11:55:30.975371,Churn_Retention_20_Percent,Sent
4f62a353-a969-44f8-aa17-50e0bde4533a,Jaime Thomas,2025-12-13 11:55:30.975470,Churn_Retention_20_Percent,Sent
4ad1811c-1191-41aa-92f0-36e041350876,Rachel Casey,2025-12-13 11:55:30.975578,Churn_Retention_20_Percent,Sent
d28c7781-f388-4cc1-8c41-3abf2288e1e2,Patricia Perez,2025-12-13 11:55:30.975678,Churn_Retention_20_Percent,Sent
89b50645-eb97-4a06-bea5-80dedc934138,Shane Sanchez,2025-12-13 11:55:30.975778,Churn_Retention_20_Percent,Sent
d97615d2-8ad6-4966-be57-83cddd4d52b8,Elizabeth Robertson,2025-12-13 11:55:30.975877,Churn_Retention_20_Percent,Sent
9b73a168-24e2-4c8b-8762-f737003ec0d2,Duane Dennis,2025-12-13 11:55:30.976000,Churn_Retention_20_Percent,Sent
d35f82fe-b50f-4252-ae95-c2399dacc2e9,Michael Gonzalez,2025-12-13 11:55:30.976099,Churn_Retention_20_Percent,Sent
89935a75-14fc-4e5c-89ec-9fd13efe2c9b,Tony Hicks,2025-12-13 11:55:30.976199,Churn_Retention_20_Percent,Sent
fed52a05-d1cc-468d-a741-20cb93d1e9bd,Seth Norris,2025-12-13 11:55:30.976300,Churn_Retention_20_Percent,Sent
dcbe5ef0-396f-43c8-8e37-c86ab6592cfb,Bradley Maynard,2025-12-13 11:55:30.976400,Churn_Retention_20_Percent,Sent
b6bbb11b-3730-457a-aff3-622962747be0,Ryan Fowler,2025-12-13 11:55:30.976512,Churn_Retention_20_Percent,Sent
a35cff43-6296-417f-851f-559958543380,Shawn Rice,2025-12-13 11:55:30.976613,Churn_Retention_20_Percent,Sent
0fb1b58b-a6f2-4dbf-9dab-c6315459312b,Katherine Davis,2025-12-13 11:55:30.976711,Churn_Retention_20_Percent,Sent
89e55ad7-90f0-40c8-b9d7-5d50604c7504,Jacqueline Walker,2025-12-13 11:55:30.976810,Churn_Retention_20_Percent,Sent
be6fa48d-dbaa-48d2-80de-61df54b36091,Amy Smith,2025-12-13 11:55:30.976932,Churn_Retention_20_Percent,Sent
8e73d726-b5db-4efa-980f-9c2c0063112a,Ryan Velasquez,2025-12-13 11:55:30.977036,Churn_Retention_20_Percent,Sent
8553466c-33a3-4cf4-b75f-009ae815756a,Natasha Levy,2025-12-13 11:55:30.977135,Churn_Retention_20_Percent,Sent
0c8c6f5d-bcb0-4061-b5d1-75c574f82086,Daniel Cooper,2025-12-13 11:55:30.977235,Churn_Retention_20_Percent,Sent
1e2dedb6-2165-4c75-a86f-3b112471aa61,Vanessa Davis,2025-12-13 11:55:30.977334,Churn_Retention_20_Percent,Sent
57160e5d-05fb-40fe-99b2-2c6e55df2c7d,Deborah Sellers,2025-12-13 11:55:30.977434,Churn_Retention_20_Percent,Sent
00cf35a2-5696-4740-a32d-b11d90638192,Kelly Mcmahon,2025-12-13 11:55:30.977532,Churn_Retention_20_Percent,Sent
5be30159-c5cd-42a5-9771-9f04b1986e03,Brian Morgan,2025-12-13 11:55:30.977630,Churn_Retention_20_Percent,Sent
64a57200-9ef8-4110-b86c-4bd282c5082f,Mitchell Garza,2025-12-13 11:55:30.977729,Churn_Retention_20_Percent,Sent
9deba990-d058-44af-af15-72759d38cf38,Katherine Roberts,2025-12-13 11:55:30.977831,Churn_Retention_20_Percent,Sent
62651cc8-0dd1-41f0-9828-063e7aa62ed6,Jessica Fitzgerald,2025-12-13 11:55:30.977962,Churn_Retention_20_Percent,Sent
d89c50a2-0562-4a26-a1af-e7004d6176ec,Angela Orozco,2025-12-13 11:55:30.978067,Churn_Retention_20_Percent,Sent
9aef638d-8fd6-48b8-a003-262d0acc72c4,Shannon Bass,2025-12-13 11:55:30.978167,Churn_Retention_20_Percent,Sent
47e3b8cc-bb33-45f9-98db-0948088c7fdd,Kristi Torres,2025-12-13 11:55:30.978266,Churn_Retention_20_Percent,Sent
8ec85043-d4ea-45f9-a6bd-c3fdd2e2d3e3,Evelyn Franklin,2025-12-13 11:55:30.978365,Churn_Retention_20_Percent,Sent
5b881888-c69f-4582-8e78-036ed4ebca3e,Dana Dillon,2025-12-13 11:55:30.978464,Churn_Retention_20_Percent,Sent
02d2fb8f-7538-4923-9fe7-5319f0242929,Melissa Gordon,2025-12-13 11:55:30.978564,Churn_Retention_20_Percent,Sent
b338b816-c75b-4477-8bc8-83e00cb5a891,Teresa Shields,2025-12-13 11:55:30.978666,Churn_Retention_20_Percent,Sent
3e5987cb-a969-48fa-96c6-c768cb3f631c,Jonathan Coffey,2025-12-13 11:55:30.978774,Churn_Retention_20_Percent,Sent
443f8190-b12e-459d-bca6-91229d7c4f9d,Jeffrey Butler,2025-12-13 11:55:30.978875,Churn_Retention_20_Percent,Sent
97b8d99d-98c7-4908-80b2-ea6f39c777cd,Carrie Chaney,2025-12-13 11:55:30.979001,Churn_Retention_20_Percent,Sent
6e8f0fed-3ad9-45d0-99f9-5accbe4a38a7,Juan Kim,2025-12-13 11:55:30.979104,Churn_Retention_20_Percent,Sent
835ffa4e-5ff3-488d-861a-3888e8d6eb1b,Daniel Conrad,2025-12-13 11:55:30.979207,Churn_Retention_20_Percent,Sent
51a04b27-58e3-4c5e-9404-0b3dc996b320,Rachel Douglas,2025-12-13 11:55:30.979307,Churn_Retention_20_Percent,Sent
78778d6b-31c6-436e-8a0f-2ce7f1baf814,Angela Blair,2025-12-13 11:55:30.979408,Churn_Retention_20_Percent,Sent
cc1a6f3e-f448-471a-a4e9-0ea56868b292,Andrew Patterson,2025-12-13 11:55:30.979508,Churn_Retention_20_Percent,Sent
bd7265d7-218a-4b61-a47b-d26f09d9632c,Tony Davis,2025-12-13 11:55:30.979607,Churn_Retention_20_Percent,Sent
d3a35379-ff42-4c06-897b-6bc0ac944a8c,Eric Mata,2025-12-13 11:55:30.979708,Churn_Retention_20_Percent,Sent
6790fd58-9316-4141-9c4a-5eb3ba08d440,Jeff Welch,2025-12-13 11:55:30.979825,Churn_Retention_20_Percent,Sent
21323be9-1406-405c-a272-cac785bd3c2f,Andrew Lee,2025-12-13 11:55:30.979947,Churn_Retention_20_Percent,Sent
1a83fee6-942d-4a38-ae42-1555824cad89,Brittany Coleman,2025-12-13 11:55:30.980045,Churn_Retention_20_Percent,Sent
25184bd7-0ea7-44c9-a72f-164ffb26f5b2,James Ibarra,2025-12-13 11:55:30.980146,Churn_Retention_20_Percent,Sent
ab779b68-92b6-466b-99cc-ab61c0ebfc77,Hayden Yang,2025-12-13 11:55:30.980254,Churn_Retention_20_Percent,Sent
4493f2ec-e5f7-47fe-9fd7-99d27b44e9e7,Rachel Jones,2025-12-13 11:55:30.980355,Churn_Retention_20_Percent,Sent
363c5f81-a603-4300-9794-f9bc7ebec478,Shane Hardin,2025-12-13 11:55:30.980455,Churn_Retention_20_Percent,Sent
7fd68924-5d20-4daf-afcd-674c051def3e,Matthew Chung,2025-12-13 11:55:30.980555,Churn_Retention_20_Percent,Sent
9af6dc51-d762-4443-9b30-c8625b2321ea,David Walker,2025-12-13 11:55:30.980655,Churn_Retention_20_Percent,Sent
0f834476-060a-44a3-aeff-10f43737e562,Brenda Carpenter,2025-12-13 11:55:30.980755,Churn_Retention_20_Percent,Sent
c730cf93-f3ed-44c5-8713-921576046f7b,Jacob Stevens,2025-12-13 11:55:30.980882,Churn_Retention_20_Percent,Sent
9178cf49-2f2b-434d-8938-bb49eda31875,Ian Rodriguez,2025-12-13 11:55:30.981007,Churn_Retention_20_Percent,Sent
d736c814-875b-4c05-8253-9fd78b67cf19,Christopher Castaneda,2025-12-13 11:55:30.981116,Churn_Retention_20_Percent,Sent
eac10a5d-1b75-4878-9d64-974e07246088,Laura Willis,2025-12-13 12:44:04.225906,Churn_Retention_20_Percent,Sent
ac115d89-21db-4b6a-85eb-48834c287dfe,Trevor Mendez,2025-12-13 12:44:04.225980,Churn_Retention_20_Percent,Sent
c153e0ee-04c3-4379-9cd7-b628b5f5fedc,Lauren Adams,2025-12-13 12:44:04.226043,Churn_Retention_20_Percent,Sent
b5e036b4-7791-49e1-b23a-1b0cf859ecbb,Cynthia Kennedy,2025-12-13 12:44:04.226102,Churn_Retention_20_Percent,Sent
5594b0ea-c4dd-456b-9a26-b4c4a8270401,Benjamin Arias,2025-12-13 12:44:04.226158,Churn_Retention_20_Percent,Sent
9893c7f1-2614-48ef-baee-c6a69c7e8603,Kyle Page,2025-12-13 12:44:04.226213,Churn_Retention_20_Percent,Sent
bb28d791-935e-4a7c-bea2-196e39265287,Laura Liu,2025-12-13 12:44:04.226267,Churn_Retention_20_Percent,Sent
261804b6-ddb2-43bc-ae27-1c1996fd15e6,Katrina Miller,2025-12-13 12:44:04.226322,Churn_Retention_20_Percent,Sent
7c785d29-4b01-4d71-9787-d3ab40a0f6a4,Olivia Robinson,2025-12-13 12:44:04.226377,Churn_Retention_20_Percent,Sent
6ebbb2d8-77ca-4d93-bdf9-8c763f9c9251,Michael Duncan,2025-12-13 12:44:04.226431,Churn_Retention_20_Percent,Sent
21943bf3-b7f8-4cfd-aace-c189a923b730,Deborah Ellis,2025-12-13 12:44:04.226485,Churn_Retention_20_Percent,Sent
9c911823-963a-4ae3-aa6d-c6ac809c2c66,Jerry Sanchez,2025-12-13 12:44:04.226539,Churn_Retention_20_Percent,Sent
36704879-00cf-457e-ae2d-fab110aa073f,Lisa Orozco,2025-12-13 12:44:04.226602,Churn_Retention_20_Percent,Sent
c50d6ad8-43cb-46f6-a7bc-d01f2896ff16,Andrew Sanchez,2025-12-13 12:44:04.226659,Churn_Retention_20_Percent,Sent
0da9e670-4d92-441c-bfd6-53d80cfb62f2,Gregory Wise,2025-12-13 12:44:04.226714,Churn_Retention_20_Percent,Sent
0c75bd18-a050-4840-ae28-e94ad1ccb536,Sarah Davis,2025-12-13 12:44:04.226767,Churn_Retention_20_Percent,Sent
6f817a41-71b2-4d34-91c0-4900f376629e,Theresa Macias,2025-12-13 12:44:04.226820,Churn_Retention_20_Percent,Sent
108e23c5-21df-4d72-a591-18494d5cb562,Michael Robinson,2025-12-13 12:44:04.226873,Churn_Retention_20_Percent,Sent
e496b776-74ef-4e80-91be-20f79c3ca68e,Rebecca Davis,2025-12-13 12:44:04.226957,Churn_Retention_20_Percent,Sent
2908c66b-507c-4721-a22f-dced6da82e55,Jose Davis,2025-12-13 12:44:04.227023,Churn_Retention_20_Percent,Sent
996d6440-6f31-4929-9104-df578ce9d1b2,Courtney Ford,2025-12-13 12:44:04.227081,Churn_Retention_20_Percent,Sent
6d58e2dc-7812-48dd-969d-e6a962cc4c27,Meredith Frye,2025-12-13 12:44:04.227137,Churn_Retention_20_Percent,Sent
4c49da5e-10de-4090-863f-d7fe8c53591a,Robert Smith,2025-12-13 12:44:04.227194,Churn_Retention_20_Percent,Sent
35eacfae-58ae-4c15-b620-9244b4f91c10,Paige Williams,2025-12-13 12:44:04.227250,Churn_Retention_20_Percent,Sent
c82616a5-a941-4df9-8408-12e32c6a1d48,Robin Hoover,2025-12-13 12:44:04.227305,Churn_Retention_20_Percent,Sent
c583e007-0a4e-4889-9708-96d5656261dc,Megan Fischer,2025-12-13 12:44:04.227359,Churn_Retention_20_Percent,Sent
f77795f3-0d2e-41a1-adc2-27e1e7d18daa,Glenn Todd,2025-12-13 12:44:04.227412,Churn_Retention_20_Percent,Sent
63dec8dc-a9f3-4a78-8441-dc929f6b87ee,Dr. Kenneth Wang Jr.,2025-12-13 12:44:04.227466,Churn_Retention_20_Percent,Sent
90a84cd2-58b2-4a1c-b259-5ced6dedd803,Mark Anderson,2025-12-13 12:44:04.227519,Churn_Retention_20_Percent,Sent
9e9ca0ac-e727-417a-ac57-eb1b85ff16ad,Jason Meyer,2025-12-13 12:44:04.227571,Churn_Retention_20_Percent,Sent
7bae3196-a07f-4ae1-b363-e17b6ceb5900,Linda Ward,2025-12-13 12:44:04.227625,Churn_Retention_20_Percent,Sent
c6a00bfe-06e8-467e-bfbb-4b974cebe911,Crystal Holland,2025-12-13 12:44:04.227678,Churn_Retention_20_Percent,Sent
0259ea5e-80b2-4c05-b478-40b8e1fc75b3,Clinton Spencer,2025-12-13 12:44:04.227766,Churn_Retention_20_Percent,Sent
cb2f6ddb-66d6-48bc-bdf5-171d0c9ea945,Steven Johnson,2025-12-13 12:44:04.227861,Churn_Retention_20_Percent,Sent
58c9d450-8b34-4fcf-9175-e669ddd7e776,Nicole Davis,2025-12-13 12:44:04.227975,Churn_Retention_20_Percent,Sent
aa5afba1-7286-46da-9bf3-531a4fa2d99e,Brandon Davis,2025-12-13 12:44:04.228069,Churn_Retention_20_Percent,Sent
c548b6cf-4258-45eb-afe3-418081694bc3,Savannah Cook,2025-12-13 12:44:04.228169,Churn_Retention_20_Percent,Sent
a1b6a524-77db-45ea-aeaa-2bdfacd5a180,Janet Hansen,2025-12-13 12:44:04.228271,Churn_Retention_20_Percent,Sent
318297ae-f677-45b8-bcc5-c0273416fc24,Jay Hall,2025-12-13 12:44:04.228386,Churn_Retention_20_Percent,Sent
f4b3afd5-84bb-4388-9af6-d2e42453982b,Erin Dillon,2025-12-13 12:44:04.228495,Churn_Retention_20_Percent,Sent
f9779705-5f13-4d70-8bc8-b89ce78eabd6,Sean Thomas,2025-12-13 12:44:04.228599,Churn_Retention_20_Percent,Sent
f692133b-7ecd-4dd5-ade5-0e1785611d64,Warren Moore,2025-12-13 12:44:04.228705,Churn_Retention_20_Percent,Sent
415c71bc-0503-4d98-90e6-ee39a63b5289,Keith Fernandez,2025-12-13 12:44:04.228809,Churn_Retention_20_Percent,Sent
76761940-eada-496a-b555-ccdc0416a486,Diana Gomez,2025-12-13 12:44:04.228943,Churn_Retention_20_Percent,Sent
a82a4369-e263-429f-9f0c-2ce5082c5e6a,Nicholas Moore,2025-12-13 12:44:04.229054,Churn_Retention_20_Percent,Sent
96d29d0a-1673-4dd0-865a-db451eb8057d,Danielle Faulkner,2025-12-13 12:44:04.229160,Churn_Retention_20_Percent,Sent
2b06bb94-24c6-473d-b1c4-81071c8e090b,Kathleen Baldwin,2025-12-13 12:44:04.229265,Churn_Retention_20_Percent,Sent
3c1b1831-028c-4efc-99bb-84620dec3bc1,Taylor Walls,2025-12-13 12:44:04.229370,Churn_Retention_20_Percent,Sent
bda3e429-8fb4-40da-abed-f31a52c6dcc9,Alexander Copeland,2025-12-13 12:44:04.229474,Churn_Retention_20_Percent,Sent
16fcaf53-112a-49dc-884b-647861169a11,Austin Torres,2025-12-13 12:44:04.229579,Churn_Retention_20_Percent,Sent
f8d19c97-61c1-4b50-9bac-03326f1a3dd0,Wendy Gallegos,2025-12-13 12:44:04.229682,Churn_Retention_20_Percent,Sent
f18a26c9-e15a-4080-a282-ae9ec41f13d9,Matthew Blackwell,2025-12-13 12:44:04.229791,Churn_Retention_20_Percent,Sent
5a80ddd2-eb98-4e11-961c-05a817006d17,Michelle Martin,2025-12-13 12:44:04.229928,Churn_Retention_20_Percent,Sent
1548e176-bc87-45a4-92cb-674f1cab0db7,Regina Gonzales,2025-12-13 12:44:04.230038,Churn_Retention_20_Percent,Sent
6fc53623-b435-40f8-ab49-b1bd7f5c013c,Richard Johnson,2025-12-13 12:44:04.230143,Churn_Retention_20_Percent,Sent
28e56b4b-6551-4568-92bb-6163a6b46433,Heather Collins,2025-12-13 12:44:04.230246,Churn_Retention_20_Percent,Sent
75e6b8a7-5bae-4e38-ae36-7cb6d294f260,Marcia Garner,2025-12-13 12:44:04.230349,Churn_Retention_20_Percent,Sent
fc9c28c6-ad17-495b-8317-9b6149fa526c,Rachel Hart,2025-12-13 12:44:04.230453,Churn_Retention_20_Percent,Sent
9c8b95aa-f4b4-460f-a392-be5f22a37636,Tyler Kelly,2025-12-13 12:44:04.230557,Churn_Retention_20_Percent,Sent
64bf7593-66d5-4a3c-9216-804e80babb22,Kevin Martinez,2025-12-13 12:44:04.230670,Churn_Retention_20_Percent,Sent
1240185e-dfd5-41f9-854c-f338f0c8d423,Thomas Moore,2025-12-13 12:44:04.230774,Churn_Retention_20_Percent,Sent
eb11a92f-4669-4381-861f-1d73c9144181,Shane Brown,2025-12-13 12:44:04.230878,Churn_Retention_20_Percent,Sent
a5f22be2-e8e6-4f91-a369-2867314410a2,Jesus Briggs Jr.,2025-12-13 12:44:04.231017,Churn_Retention_20_Percent,Sent
ac3da6bb-df44-49a1-b34b-fbc2eee18de6,Paula Ross,2025-12-13 12:44:04.231121,Churn_Retention_20_Percent,Sent
da4fd83b-653a-4e09-8c9d-5768a4ea39f5,Jamie Gould,2025-12-13 12:44:04.231237,Churn_Retention_20_Percent,Sent
2452578b-ccae-497e-a5a7-7d04eaf7e167,Amanda Moore,2025-12-13 12:44:04.231344,Churn_Retention_20_Percent,Sent
19e1f275-55e1-4774-adc5-8949f06ca22f,Jessica Wilcox,2025-12-13 12:44:04.231446,Churn_Retention_20_Percent,Sent
751b3122-ae33-46d1-b553-b969743fccdc,Lisa Wilson,2025-12-13 12:44:04.231550,Churn_Retention_20_Percent,Sent
0072ea9a-3a37-4d6c-9511-339faf78fe48,Robert Miller,2025-12-13 12:44:04.231653,Churn_Retention_20_Percent,Sent
c2ca75aa-cbb9-49c9-b96e-c942dcf6a318,Maurice Hernandez,2025-12-13 12:44:04.231756,Churn_Retention_20_Percent,Sent
4861002a-1c92-481d-bed3-23129c8bf710,Jasmine Moss,2025-12-13 12:44:04.231926,Churn_Retention_20_Percent,Sent
81a5e51b-f2d0-4463-90d5-d117717bc03c,Kayla Johnson,2025-12-13 12:44:04.232042,Churn_Retention_20_Percent,Sent
4208181a-1663-4273-a75f-a9c3e7b09101,Anthony Dennis,2025-12-13 12:44:04.232148,Churn_Retention_20_Percent,Sent
7c9377f1-d331-44f5-bb22-317a7170b5ca,Nicole Dodson,2025-12-13 12:44:04.232254,Churn_Retention_20_Percent,Sent
2d58d8ce-ae86-4c87-ace2-fc556b27243b,Ashley Berg,2025-12-13 12:44:04.232357,Churn_Retention_20_Percent,Sent
f7c918c2-9e7b-42d4-ad8c-f30a23ce6bd6,April Christensen DDS,2025-12-13 12:44:04.232460,Churn_Retention_20_Percent,Sent
249f46d9-d8f9-4c36-95a3-2695c3cab25c,Carol Warren,2025-12-13 12:44:04.232563,Churn_Retention_20_Percent,Sent
b7213026-1caa-4c47-b60c-f0b2a128e0b8,William Burton,2025-12-13 12:44:04.232666,Churn_Retention_20_Percent,Sent
ec717c44-1d75-4eb2-8568-cfa7a1bef63f,Alicia Gibbs,2025-12-13 12:44:04.232770,Churn_Retention_20_Percent,Sent
1af5f51b-5e34-4d70-b14c-f4a5345f8740,Suzanne Mccoy,2025-12-13 12:44:04.232873,Churn_Retention_20_Percent,Sent
122a52a5-9db6-422e-8e17-6d5d4647e268,Ian Harris,2025-12-13 12:44:04.233004,Churn_Retention_20_Percent,Sent
b3bb92a2-351f-4903-ade0-0f968c3562a7,Nicholas Watkins,2025-12-13 12:44:04.233109,Churn_Retention_20_Percent,Sent
8e405c43-acb4-4071-974d-240804f8f020,Philip Williams,2025-12-13 12:44:04.233224,Churn_Retention_20_Percent,Sent
38e48096-e922-43cb-811c-f3aae19c6ec8,Courtney Harris,2025-12-13 12:44:04.233328,Churn_Retention_20_Percent,Sent
b439016c-e8c1-40bb-aba2-6761efe0f0a0,Beth Blevins,2025-12-13 12:44:04.233432,Churn_Retention_20_Percent,Sent
4b12429c-a328-4784-bb87-7839ce7e6f3b,Timothy Guzman,2025-12-13 12:44:04.233536,Churn_Retention_20_Percent,Sent
c119f019-79b0-4400-aa35-b1407ec34d21,Cheryl Reyes,2025-12-13 12:44:04.233638,Churn_Retention_20_Percent,Sent
d7232bfe-79ef-48aa-bf85-ba094f0c1290,Rebecca Robertson,2025-12-13 12:44:04.233742,Churn_Retention_20_Percent,Sent
47f6bcbc-bdba-4e96-9484-d6085d29f574,Amanda Parker,2025-12-13 12:44:04.233844,Churn_Retention_20_Percent,Sent
806a33b4-3833-497f-ada8-c28031ca53e3,Chad Shaw,2025-12-13 12:44:04.233972,Churn_Retention_20_Percent,Sent
952e25e1-a6f8-4c21-8791-7656adbe6346,David Frye,2025-12-13 12:44:04.234079,Churn_Retention_20_Percent,Sent
fd3a3a3a-a030-4605-8d11-24a5d668e464,Richard Green,2025-12-13 12:44:04.234182,Churn_Retention_20_Percent,Sent
563d5ac9-7608-4901-9447-3b01a3d2a49f,John Hester,2025-12-13 12:44:04.234285,Churn_Retention_20_Percent,Sent
319ec8af-e6bd-4c66-b968-bd515ad5ef92,Daniel Strickland,2025-12-13 12:44:04.234389,Churn_Retention_20_Percent,Sent
fffc8c0f-0b2b-4630-8436-26372fc51463,Michelle Flores,2025-12-13 12:44:04.234491,Churn_Retention_20_Percent,Sent
7ccc8b9e-7f37-4731-9dfa-3409f1a12ab2,Deborah Davis,2025-12-13 12:44:04.234594,Churn_Retention_20_Percent,Sent
79ca6015-b15f-474a-88b9-d19690d4ffce,Stephen Dickson,2025-12-13 12:44:04.234710,Churn_Retention_20_Percent,Sent
84b5127c-0e8b-4639-bd41-b882eaed371c,Kenneth Owens,2025-12-13 12:44:04.234815,Churn_Retention_20_Percent,Sent
a22507b9-3518-4669-bdfc-b88b846e769b,Anthony Tucker,2025-12-13 12:44:04.234953,Churn_Retention_20_Percent,Sent
e7cabb9b-4fc5-43d4-8172-d03bd5741ca8,Stanley Allen,2025-12-13 12:44:04.235063,Churn_Retention_20_Percent,Sent
f7619c80-e495-41d0-a26d-ffcb3846f28b,Mark Fuentes,2025-12-13 12:44:04.235166,Churn_Retention_20_Percent,Sent
f0bebf61-35ab-4b69-af8c-7f7d7884df6d,Brandon Aguilar,2025-12-13 12:44:04.235271,Churn_Retention_20_Percent,Sent
9a662761-ad87-4a03-b31b-3d55685d8023,Heather Wilson,2025-12-13 12:44:04.235377,Churn_Retention_20_Percent,Sent
da731a4b-6218-4b66-8535-465db32aaa7b,Michael Wilson,2025-12-13 12:44:04.235482,Churn_Retention_20_Percent,Sent
6f68a41a-0df0-4a72-8c6c-c7f5c2784399,Jon Cross,2025-12-13 12:44:04.235595,Churn_Retention_20_Percent,Sent
b2315b10-85e9-47ae-87c0-6c2fa42c9ecf,Janice Anderson,2025-12-13 12:44:04.235700,Churn_Retention_20_Percent,Sent
c6082522-9040-4fc4-894f-ad346815c511,Joseph Shelton,2025-12-13 12:44:04.235805,Churn_Retention_20_Percent,Sent
01754458-3b4d-47a9-8e20-6374d79552f1,Julie Adams,2025-12-13 12:44:04.235933,Churn_Retention_20_Percent,Sent
90a7b2bb-bc37-4206-b540-238162d92e70,Kathleen Kim,2025-12-13 12:44:04.236041,Churn_Retention_20_Percent,Sent
e852ccea-2ce8-4cdb-adc2-0eb13d605cf2,Patrick Meadows,2025-12-13 12:44:04.236146,Churn_Retention_20_Percent,Sent
98b9fa0d-d654-4043-91c5-bcc5559f9e2f,Tyler Burns,2025-12-13 12:44:04.236250,Churn_Retention_20_Percent,Sent
849f9d11-4128-4ab4-893e-a164597a006e,Robert Coleman,2025-12-13 12:44:04.236353,Churn_Retention_20_Percent,Sent
6d0f69b8-8721-4405-b139-111bcd801a91,Gina Fleming,2025-12-13 12:44:04.236455,Churn_Retention_20_Percent,Sent
4466e8d5-5f42-48b4-87b5-866c27dbf6c8,Joseph Price,2025-12-13 12:44:04.236557,Churn_Retention_20_Percent,Sent
bc41f9bd-a0fd-4f52-97c3-59212f6d0c45,Adriana Ramos,2025-12-13 12:44:04.236659,Churn_Retention_20_Percent,Sent
df6a7b89-93f8-4ca6-b8d6-987d6bd5b24d,Grant Fletcher,2025-12-13 12:44:04.236763,Churn_Retention_20_Percent,Sent
1a61c09b-8232-4b5c-a842-7f2720951b9d,Samantha Sullivan,2025-12-13 12:44:04.236867,Churn_Retention_20_Percent,Sent
3a80e886-99a7-4e50-ac01-0a0e37b47b46,Terri Reese,2025-12-13 12:44:04.236996,Churn_Retention_20_Percent,Sent
0e2258fb-fbe5-4c91-887c-709809256182,Matthew Boone,2025-12-13 12:44:04.237101,Churn_Retention_20_Percent,Sent
5bd39b2f-f427-4983-b692-9a40b31713b4,Ebony Booth,2025-12-13 12:44:04.237203,Churn_Retention_20_Percent,Sent
9fa6d216-7f0a-4588-a1bf-bcf5bcee60f6,Carol Fowler,2025-12-13 12:44:04.237305,Churn_Retention_20_Percent,Sent
4a4d3fce-a8e0-4316-9240-1e7960d58e02,Jacob Todd,2025-12-13 12:44:04.237407,Churn_Retention_20_Percent,Sent
1956a833-9ccb-4790-9425-6d7efde08fb9,Kyle Owen,2025-12-13 12:44:04.237510,Churn_Retention_20_Percent,Sent
2dd61d1e-67ad-4c90-8c78-1843ae874042,Christopher Young,2025-12-13 12:44:04.237613,Churn_Retention_20_Percent,Sent
8535bee9-dbb2-405e-9270-197751f3994a,Joel Griffin,2025-12-13 12:44:04.237716,Churn_Retention_20_Percent,Sent
65fbec0e-7826-4879-b758-c1dc3923a09c,William Moore,2025-12-13 12:44:04.237819,Churn_Retention_20_Percent,Sent
b918e93b-cd11-407c-a986-a33f52d59315,James Edwards,2025-12-13 12:44:04.237942,Churn_Retention_20_Percent,Sent
7e957cdb-5ce0-40c2-9417-762c94308bcb,Melissa Atkinson,2025-12-13 12:44:04.238048,Churn_Retention_20_Percent,Sent
bce7e9d7-77ca-4398-b341-976209373932,Rebecca Murray,2025-12-13 12:44:04.238170,Churn_Retention_20_Percent,Sent
9cf4556b-a20f-4dd5-b27b-3cefef138470,Deborah Johnson,2025-12-13 12:44:04.238276,Churn_Retention_20_Percent,Sent
6da51477-c442-404e-8fcc-02aca387de89,Nancy Rios,2025-12-13 12:44:04.238387,Churn_Retention_20_Percent,Sent
f1ba8d96-2c75-47c6-aefa-37663cc5c885,Brianna Kirby,2025-12-13 12:44:04.238492,Churn_Retention_20_Percent,Sent
0f18a4ac-a520-4ffa-af1f-c6ab22ef7a32,Jill Peterson,2025-12-13 12:44:04.238596,Churn_Retention_20_Percent,Sent
f6c58bb1-4785-4e61-a49a-1925c523e52c,Kyle Schwartz,2025-12-13 12:44:04.238699,Churn_Retention_20_Percent,Sent
a98106cc-f2fc-4f38-8877-dc017ba18ae8,Heather Fox,2025-12-13 12:44:04.238803,Churn_Retention_20_Percent,Sent
5ece668c-62cb-4222-9e1b-79bbcadba2e4,Robert Cox,2025-12-13 12:44:04.238927,Churn_Retention_20_Percent,Sent
3c3702bf-8979-4065-a2a9-56eaf291919c,Kristin Pitts,2025-12-13 12:44:04.239036,Churn_Retention_20_Percent,Sent
e4097e5f-3bc5-4ea1-9b22-be7d055bb138,Courtney Martinez,2025-12-13 12:44:04.239141,Churn_Retention_20_Percent,Sent
58e9ee69-b316-4733-8611-e70aa6b98250,Erin Medina,2025-12-13 12:44:04.239245,Churn_Retention_20_Percent,Sent
26d9c04c-2f42-4b69-8c1d-fec4c7cf3dff,Paul Jackson,2025-12-13 12:44:04.239348,Churn_Retention_20_Percent,Sent
cf152089-67ab-4a1f-867a-495561b1de78,Alexander Alvarez,2025-12-13 12:44:04.239452,Churn_Retention_20_Percent,Sent
07d10a50-7263-4ade-abc1-d0fc8ca51759,John Hodge,2025-12-13 12:44:04.239556,Churn_Retention_20_Percent,Sent
52fe358f-44c8-4624-b68e-ff8777b0ad6e,Angela Chavez,2025-12-13 12:44:04.239659,Churn_Retention_20_Percent,Sent
fa53de31-3b8f-447b-8630-f270cb46db4d,Ricky Hines,2025-12-13 12:44:04.239762,Churn_Retention_20_Percent,Sent
e8687088-adc6-4048-a006-c2fa14b0fde5,Kristina Martinez,2025-12-13 12:44:04.239866,Churn_Retention_20_Percent,Sent
530b0362-63d7-4f0e-80d5-9b0f3a7b55dc,Chris Long,2025-12-13 12:44:04.239993,Churn_Retention_20_Percent,Sent
ecc915a0-0ffa-4e82-b0c9-c652ce1f2c05,Kelly Reid,2025-12-13 12:44:04.240106,Churn_Retention_20_Percent,Sent
9194605d-85e6-4ad0-9291-6ac0137f0233,James Estrada,2025-12-13 12:44:04.240210,Churn_Retention_20_Percent,Sent
2e847f2a-d773-4379-a5d9-75822a829eda,Gwendolyn Elliott,2025-12-13 12:44:04.240313,Churn_Retention_20_Percent,Sent
f8e02316-e61a-4993-b715-0b614d7cd04b,Virginia Wang,2025-12-13 12:44:04.240416,Churn_Retention_20_Percent,Sent
4f62a353-a969-44f8-aa17-50e0bde4533a,Jaime Thomas,2025-12-13 12:44:04.240519,Churn_Retention_20_Percent,Sent
4ad1811c-1191-41aa-92f0-36e041350876,Rachel Casey,2025-12-13 12:44:04.240630,Churn_Retention_20_Percent,Sent
d28c7781-f388-4cc1-8c41-3abf2288e1e2,Patricia Perez,2025-12-13 12:44:04.240734,Churn_Retention_20_Percent,Sent
89b50645-eb97-4a06-bea5-80dedc934138,Shane Sanchez,2025-12-13 12:44:04.240838,Churn_Retention_20_Percent,Sent
d97615d2-8ad6-4966-be57-83cddd4d52b8,Elizabeth Robertson,2025-12-13 12:44:04.240965,Churn_Retention_20_Percent,Sent
9b73a168-24e2-4c8b-8762-f737003ec0d2,Duane Dennis,2025-12-13 12:44:04.241071,Churn_Retention_20_Percent,Sent
d35f82fe-b50f-4252-ae95-c2399dacc2e9,Michael Gonzalez,2025-12-13 12:44:04.241175,Churn_Retention_20_Percent,Sent
89935a75-14fc-4e5c-89ec-9fd13efe2c9b,Tony Hicks,2025-12-13 12:44:04.241277,Churn_Retention_20_Percent,Sent
fed52a05-d1cc-468d-a741-20cb93d1e9bd,Seth Norris,2025-12-13 12:44:04.241381,Churn_Retention_20_Percent,Sent
dcbe5ef0-396f-43c8-8e37-c86ab6592cfb,Bradley Maynard,2025-12-13 12:44:04.241484,Churn_Retention_20_Percent,Sent
b6bbb11b-3730-457a-aff3-622962747be0,Ryan Fowler,2025-12-13 12:44:04.241602,Churn_Retention_20_Percent,Sent
a35cff43-6296-417f-851f-559958543380,Shawn Rice,2025-12-13 12:44:04.241710,Churn_Retention_20_Percent,Sent
0fb1b58b-a6f2-4dbf-9dab-c6315459312b,Katherine Davis,2025-12-13 12:44:04.241813,Churn_Retention_20_Percent,Sent
89e55ad7-90f0-40c8-b9d7-5d50604c7504,Jacqueline Walker,2025-12-13 12:44:04.241938,Churn_Retention_20_Percent,Sent
be6fa48d-dbaa-48d2-80de-61df54b36091,Amy Smith,2025-12-13 12:44:04.242043,Churn_Retention_20_Percent,Sent
8e73d726-b5db-4efa-980f-9c2c0063112a,Ryan Velasquez,2025-12-13 12:44:04.242145,Churn_Retention_20_Percent,Sent
8553466c-33a3-4cf4-b75f-009ae815756a,Natasha Levy,2025-12-13 12:44:04.242248,Churn_Retention_20_Percent,Sent
0c8c6f5d-bcb0-4061-b5d1-75c574f82086,Daniel Cooper,2025-12-13 12:44:04.242352,Churn_Retention_20_Percent,Sent
1e2dedb6-2165-4c75-a86f-3b112471aa61,Vanessa Davis,2025-12-13 12:44:04.242454,Churn_Retention_20_Percent,Sent
57160e5d-05fb-40fe-99b2-2c6e55df2c7d,Deborah Sellers,2025-12-13 12:44:04.242559,Churn_Retention_20_Percent,Sent
00cf35a2-5696-4740-a32d-b11d90638192,Kelly Mcmahon,2025-12-13 12:44:04.242663,Churn_Retention_20_Percent,Sent
5be30159-c5cd-42a5-9771-9f04b1986e03,Brian Morgan,2025-12-13 12:44:04.242768,Churn_Retention_20_Percent,Sent
64a57200-9ef8-4110-b86c-4bd282c5082f,Mitchell Garza,2025-12-13 12:44:04.242873,Churn_Retention_20_Percent,Sent
9deba990-d058-44af-af15-72759d38cf38,Katherine Roberts,2025-12-13 12:44:04.243008,Churn_Retention_20_Percent,Sent
62651cc8-0dd1-41f0-9828-063e7aa62ed6,Jessica Fitzgerald,2025-12-13 12:44:04.243120,Churn_Retention_20_Percent,Sent
d89c50a2-0562-4a26-a1af-e7004d6176ec,Angela Orozco,2025-12-13 12:44:04.243224,Churn_Retention_20_Percent,Sent
9aef638d-8fd6-48b8-a003-262d0acc72c4,Shannon Bass,2025-12-13 12:44:04.243325,Churn_Retention_20_Percent,Sent
47e3b8cc-bb33-45f9-98db-0948088c7fdd,Kristi Torres,2025-12-13 12:44:04.243429,Churn_Retention_20_Percent,Sent
8ec85043-d4ea-45f9-a6bd-c3fdd2e2d3e3,Evelyn Franklin,2025-12-13 12:44:04.243664,Churn_Retention_20_Percent,Sent
5b881888-c69f-4582-8e78-036ed4ebca3e,Dana Dillon,2025-12-13 12:44:04.243777,Churn_Retention_20_Percent,Sent
02d2fb8f-7538-4923-9fe7-5319f0242929,Melissa Gordon,2025-12-13 12:44:04.243904,Churn_Retention_20_Percent,Sent
b338b816-c75b-4477-8bc8-83e00cb5a891,Teresa Shields,2025-12-13 12:44:04.244018,Churn_Retention_20_Percent,Sent
3e5987cb-a969-48fa-96c6-c768cb3f631c,Jonathan Coffey,2025-12-13 12:44:04.244134,Churn_Retention_20_Percent,Sent
443f8190-b12e-459d-bca6-91229d7c4f9d,Jeffrey Butler,2025-12-13 12:44:04.244241,Churn_Retention_20_Percent,Sent
97b8d99d-98c7-4908-80b2-ea6f39c777cd,Carrie Chaney,2025-12-13 12:44:04.244348,Churn_Retention_20_Percent,Sent
6e8f0fed-3ad9-45d0-99f9-5accbe4a38a7,Juan Kim,2025-12-13 12:44:04.244452,Churn_Retention_20_Percent,Sent
835ffa4e-5ff3-488d-861a-3888e8d6eb1b,Daniel Conrad,2025-12-13 12:44:04.244556,Churn_Retention_20_Percent,Sent
51a04b27-58e3-4c5e-9404-0b3dc996b320,Rachel Douglas,2025-12-13 12:44:04.244659,Churn_Retention_20_Percent,Sent
78778d6b-31c6-436e-8a0f-2ce7f1baf814,Angela Blair,2025-12-13 12:44:04.244762,Churn_Retention_20_Percent,Sent
cc1a6f3e-f448-471a-a4e9-0ea56868b292,Andrew Patterson,2025-12-13 12:44:04.244865,Churn_Retention_20_Percent,Sent
bd7265d7-218a-4b61-a47b-d26f09d9632c,Tony Davis,2025-12-13 12:44:04.244996,Churn_Retention_20_Percent,Sent
d3a35379-ff42-4c06-897b-6bc0ac944a8c,Eric Mata,2025-12-13 12:44:04.245101,Churn_Retention_20_Percent,Sent
6790fd58-9316-4141-9c4a-5eb3ba08d440,Jeff Welch,2025-12-13 12:44:04.245219,Churn_Retention_20_Percent,Sent
21323be9-1406-405c-a272-cac785bd3c2f,Andrew Lee,2025-12-13 12:44:04.245325,Churn_Retention_20_Percent,Sent
1a83fee6-942d-4a38-ae42-1555824cad89,Brittany Coleman,2025-12-13 12:44:04.245430,Churn_Retention_20_Percent,Sent
25184bd7-0ea7-44c9-a72f-164ffb26f5b2,James Ibarra,2025-12-13 12:44:04.245534,Churn_Retention_20_Percent,Sent
ab779b68-92b6-466b-99cc-ab61c0ebfc77,Hayden Yang,2025-12-13 12:44:04.245649,Churn_Retention_20_Percent,Sent
4493f2ec-e5f7-47fe-9fd7-99d27b44e9e7,Rachel Jones,2025-12-13 12:44:04.245754,Churn_Retention_20_Percent,Sent
363c5f81-a603-4300-9794-f9bc7ebec478,Shane Hardin,2025-12-13 12:44:04.245857,Churn_Retention_20_Percent,Sent
7fd68924-5d20-4daf-afcd-674c051def3e,Matthew Chung,2025-12-13 12:44:04.245987,Churn_Retention_20_Percent,Sent
9af6dc51-d762-4443-9b30-c8625b2321ea,David Walker,2025-12-13 12:44:04.246092,Churn_Retention_20_Percent,Sent
0f834476-060a-44a3-aeff-10f43737e562,Brenda Carpenter,2025-12-13 12:44:04.246195,Churn_Retention_20_Percent,Sent
c730cf93-f3ed-44c5-8713-921576046f7b,Jacob Stevens,2025-12-13 12:44:04.246297,Churn_Retention_20_Percent,Sent
9178cf49-2f2b-434d-8938-bb49eda31875,Ian Rodriguez,2025-12-13 12:44:04.246400,Churn_Retention_20_Percent,Sent
d736c814-875b-4c05-8253-9fd78b67cf19,Christopher Castaneda,2025-12-13 12:44:04.246510,Churn_Retention_20_Percent,Sent
f390dc5c-9215-40d4-9c4d-c9a3ac0c7a1d,David Gonzalez,2025-12-13 12:59:47.794522,Churn_Retention_20_Percent,Sent
05faa852-404f-420f-b46e-9ef8a7f06c62,Andrew Silva,2025-12-13 12:59:47.794633,Churn_Retention_20_Percent,Sent
f18c3f52-c467-43af-98ca-ac2e08abd642,Joshua Patterson,2025-12-13 12:59:47.794733,Churn_Retention_20_Percent,Sent
e8f5021b-dfa8-4b53-88f2-361dc3db90e5,Diana Ryan,2025-12-13 12:59:47.794826,Churn_Retention_20_Percent,Sent
00abad92-9326-4876-b3ce-fce91cf03f5d,Ashley Hernandez,2025-12-13 12:59:47.795147,Churn_Retention_20_Percent,Sent
59216442-2a20-415a-a0db-9f2276c6c26f,Calvin Phelps,2025-12-13 12:59:47.795277,Churn_Retention_20_Percent,Sent
b1af7d10-efca-4354-aef8-ea374fe4f9f8,William Murphy,2025-12-13 12:59:47.795386,Churn_Retention_20_Percent,Sent
77c8eaf8-1cd0-44cd-9178-674fce7dd88b,Lisa Escobar,2025-12-13 12:59:47.795488,Churn_Retention_20_Percent,Sent
afde244d-c782-40fb-b1ed-aca68ca622f3,Jordan Holmes,2025-12-13 12:59:47.795583,Churn_Retention_20_Percent,Sent
c02227da-d51b-4267-a931-d779240b17d9,Kristen Hansen,2025-12-13 12:59:47.795691,Churn_Retention_20_Percent,Sent
291d952b-d0b5-4b30-8937-00f20c8b0236,Marilyn Grant,2025-12-13 12:59:47.795791,Churn_Retention_20_Percent,Sent
275d760e-d24a-455c-82a6-291803c0a8d5,Ricky Jones,2025-12-13 12:59:47.795918,Churn_Retention_20_Percent,Sent
8db5870d-ba01-4e70-ab7d-0b37566c2c27,Daniel Holloway,2025-12-13 12:59:47.796037,Churn_Retention_20_Percent,Sent
a974d7f5-049b-45d4-b845-2799cfc385f7,Alexandria Jackson,2025-12-13 12:59:47.796126,Churn_Retention_20_Percent,Sent
eb0f41b5-87ce-4724-a76c-96b3ee97529b,Christian Keller,2025-12-13 12:59:47.796212,Churn_Retention_20_Percent,Sent
f4f472b9-15ba-4ad1-b784-cc49d51719de,Amber Alvarado,2025-12-13 12:59:47.796293,Churn_Retention_20_Percent,Sent
919bf483-e3b7-4d53-8511-39476977f873,Joseph Carpenter,2025-12-13 12:59:47.796376,Churn_Retention_20_Percent,Sent
910a5ea6-4b95-480a-a6d9-51210ac84e2e,Danielle Warner,2025-12-13 12:59:47.796468,Churn_Retention_20_Percent,Sent
12f221af-eca1-4a79-89d2-15d2931b613b,Michael Guzman,2025-12-13 12:59:47.796557,Churn_Retention_20_Percent,Sent
2b991b54-04fd-4bcf-af94-4d2b42efca16,Lisa Wiggins,2025-12-13 12:59:47.796638,Churn_Retention_20_Percent,Sent
840a46d6-0ef4-4f09-a1d5-b8ccce8f2d20,Sharon Johnson,2025-12-13 12:59:47.796718,Churn_Retention_20_Percent,Sent
4c51b037-4e05-468c-8f62-15480a149944,Rachel Kidd,2025-12-13 12:59:47.796810,Churn_Retention_20_Percent,Sent
fcef3f1d-b157-4c76-99d7-77d7ca405759,Timothy May,2025-12-13 12:59:47.796935,Churn_Retention_20_Percent,Sent
49df95e8-0572-4f64-82d4-818225778868,David Taylor,2025-12-13 12:59:47.797033,Churn_Retention_20_Percent,Sent
4eb346a2-7c30-44a4-9d5c-6178557befc1,Michael Young,2025-12-13 12:59:47.797142,Churn_Retention_20_Percent,Sent
6e2fec75-33ed-4e80-895a-0cc3dcba6cae,Morgan Burnett,2025-12-13 12:59:47.797235,Churn_Retention_20_Percent,Sent
1e06c77b-e1c8-4777-8b16-87405a89159e,Carl Adams,2025-12-13 12:59:47.797329,Churn_Retention_20_Percent,Sent
e4e5a2d3-91d5-42a9-926d-f7482ef3fb32,Erik Reese,2025-12-13 12:59:47.797421,Churn_Retention_20_Percent,Sent
cc8fe477-8b1c-48e4-a664-3998f8acbb87,Jacqueline Jackson,2025-12-13 12:59:47.797512,Churn_Retention_20_Percent,Sent
4648600a-73ab-4d44-af04-6c8fce21dc53,Thomas Douglas,2025-12-13 12:59:47.797608,Churn_Retention_20_Percent,Sent
a51470df-d5d6-40d5-bbc0-d1ff5a47a52c,Melissa Perry,2025-12-13 12:59:47.797706,Churn_Retention_20_Percent,Sent
7d929cdd-87b9-40bb-ab42-0dbe8574fcbe,Phyllis Hayes,2025-12-13 12:59:47.797801,Churn_Retention_20_Percent,Sent
0352e08c-a135-429d-893a-83190c22e0e8,Julie Salazar,2025-12-13 12:59:47.797950,Churn_Retention_20_Percent,Sent
72cbcd37-616d-4c76-a4ee-6c7d906042a8,Jared Harrison,2025-12-13 12:59:47.798050,Churn_Retention_20_Percent,Sent
6a727f43-c492-46b5-b8a0-9caff5dd159a,Molly Pineda,2025-12-13 12:59:47.798132,Churn_Retention_20_Percent,Sent
9f5369e4-5563-4c14-ad47-0b80f7e1e3cf,John Dickerson,2025-12-13 12:59:47.798223,Churn_Retention_20_Percent,Sent
2e9cfd7d-ead9-42b7-970c-696e85093a2f,Eric Hess,2025-12-13 12:59:47.798315,Churn_Retention_20_Percent,Sent
abfeaba1-6658-4c4d-9031-7598c40d654a,Nancy Horn,2025-12-13 12:59:47.798399,Churn_Retention_20_Percent,Sent
8fa4eb67-bb73-4abd-9cdf-ec03e5ee6050,Angel Armstrong,2025-12-13 12:59:47.798498,Churn_Retention_20_Percent,Sent
3924448f-38d4-4e0e-a7df-518ac50d8f9c,Mrs. Darlene Garcia,2025-12-13 12:59:47.798597,Churn_Retention_20_Percent,Sent
47a26c70-3a59-4bb2-abd7-600af0ea9aa2,Craig Gonzalez,2025-12-13 12:59:47.798691,Churn_Retention_20_Percent,Sent
2c048145-a7c7-4203-b136-eb6703680584,Cheryl Atkins,2025-12-13 12:59:47.798789,Churn_Retention_20_Percent,Sent
5ece0219-575a-46ca-bda8-914e49bb3263,Joseph Petersen,2025-12-13 12:59:47.798881,Churn_Retention_20_Percent,Sent
00e15b26-ade9-45a4-b859-aad4c9b6567e,Christopher Lopez,2025-12-13 12:59:47.798988,Churn_Retention_20_Percent,Sent
2e843dfa-84c1-44ed-9272-b5a97f094e4f,Jesse Bailey,2025-12-13 12:59:47.799067,Churn_Retention_20_Percent,Sent
1c8681da-f781-4c2e-baa5-19b7c4160bab,Alexander Kidd,2025-12-13 12:59:47.799145,Churn_Retention_20_Percent,Sent
79afd2df-d087-48f9-ac54-02cfa42cdaca,Rebecca Holmes,2025-12-13 12:59:47.799232,Churn_Retention_20_Percent,Sent
6aad36cd-93f3-4477-b09d-56d8e777c738,Sara Lara,2025-12-13 12:59:47.799321,Churn_Retention_20_Percent,Sent
4ee779fe-2120-422f-8875-9def36b25cf0,Stephen Smith,2025-12-13 12:59:47.799404,Churn_Retention_20_Percent,Sent
e53a169c-fb96-4257-b969-8a704e43a861,Daniel Rodriguez,2025-12-13 12:59:47.799500,Churn_Retention_20_Percent,Sent
15ae6d4a-f715-4993-b3bd-bca6b18508d2,Lee Cooper,2025-12-13 12:59:47.799595,Churn_Retention_20_Percent,Sent
3d962f06-9930-471b-9377-11e48bf253da,Kyle Park,2025-12-13 12:59:47.799688,Churn_Retention_20_Percent,Sent
1df86a6f-e071-45c0-a0ac-876d77cd67ae,Kimberly Dodson,2025-12-13 12:59:47.799782,Churn_Retention_20_Percent,Sent
08b26ec4-2db7-471f-9c3b-c1b6005340b2,Ryan Harris,2025-12-13 12:59:47.799870,Churn_Retention_20_Percent,Sent
f8f49684-467c-4a8a-90d4-ab903c0c0af4,James Rojas,2025-12-13 12:59:47.802025,Churn_Retention_20_Percent,Sent
a7081378-c86f-4281-a4bb-382b1e7ef6e8,Kristen Mendoza DVM,2025-12-13 12:59:47.802136,Churn_Retention_20_Percent,Sent
6d11ab60-2873-4634-bb79-2c3c458b95df,William Padilla,2025-12-13 12:59:47.802237,Churn_Retention_20_Percent,Sent
45248c49-d2a4-4b44-aa88-820c2ec93811,Tony Park,2025-12-13 12:59:47.802339,Churn_Retention_20_Percent,Sent
4dd5d700-5206-414b-94fd-3f7e1153d5cc,Eric Snyder,2025-12-13 12:59:47.802442,Churn_Retention_20_Percent,Sent
571e5013-a95b-492a-a2e6-12d1001dd090,Allison Mcdonald,2025-12-13 12:59:47.802548,Churn_Retention_20_Percent,Sent
c4d9c336-d9ff-41c4-84f6-f031dd1b1f65,Sarah Lozano,2025-12-13 12:59:47.802647,Churn_Retention_20_Percent,Sent
6dd24456-d6cf-48ce-9872-54568e1ed5af,Vicki Carter,2025-12-13 12:59:47.802746,Churn_Retention_20_Percent,Sent
c35bb165-2d59-4338-90a2-ad5bc1c3a03d,Lori Dickson DDS,2025-12-13 12:59:47.802831,Churn_Retention_20_Percent,Sent
40b97d86-3a90-45ed-812a-28b7c1e4bb04,David Ortega,2025-12-13 12:59:47.802940,Churn_Retention_20_Percent,Sent
0138b786-b765-4f47-928c-7eda28549fc2,Kenneth Munoz,2025-12-13 12:59:47.803056,Churn_Retention_20_Percent,Sent
4ce2110c-5a71-4f17-b07b-fdea878382b0,Jeremy Shaw,2025-12-13 12:59:47.803148,Churn_Retention_20_Percent,Sent
3abf3d60-dccd-4184-8c2d-d58ddc24a3ae,Jeffrey Allen,2025-12-13 12:59:47.803239,Churn_Retention_20_Percent,Sent
35ee8e33-4152-4c83-9fc1-2fffdcb1e9d7,Keith Hunt,2025-12-13 12:59:47.805036,Churn_Retention_20_Percent,Sent
a0bd3432-0958-4de8-9d3b-9544a2987be5,Todd Harris,2025-12-13 12:59:47.805143,Churn_Retention_20_Percent,Sent
49e80f69-ce26-4cb9-a417-b783f666eea4,Michael Brown,2025-12-13 12:59:47.805239,Churn_Retention_20_Percent,Sent
1870e0ad-c698-4601-b270-9035ded4f814,Randy Roberts,2025-12-13 12:59:47.805324,Churn_Retention_20_Percent,Sent
fc171f48-b67d-4b36-9da6-4467fa3ccac6,Christine Dennis,2025-12-13 12:59:47.805408,Churn_Retention_20_Percent,Sent
56525641-2575-41fb-b383-de0bcfe69e84,James Evans,2025-12-13 12:59:47.805496,Churn_Retention_20_Percent,Sent
b63abc1a-6808-4795-bd21-0f541396b322,Barry Herring,2025-12-13 12:59:47.805598,Churn_Retention_20_Percent,Sent
a47cb685-b947-4f65-8468-0e2673e1e7a6,Annette Wilson,2025-12-13 12:59:47.805696,Churn_Retention_20_Percent,Sent
3ccc79d8-a831-4be7-9c05-005bf2f3c298,Diane Bryan,2025-12-13 12:59:47.805786,Churn_Retention_20_Percent,Sent
74e7c730-1424-46d2-bd48-c40300fed036,Maria Hoffman,2025-12-13 12:59:47.805865,Churn_Retention_20_Percent,Sent
f6e1724c-eeb4-407a-a35d-8aeaf07b6744,Valerie Freeman,2025-12-13 12:59:47.808012,Churn_Retention_20_Percent,Sent
7a052bd8-8cd1-435d-873e-ac9ea5e37f41,Luis Christensen,2025-12-13 12:59:47.808133,Churn_Retention_20_Percent,Sent
44275098-56f3-43ca-863c-d027add6a78f,Michelle Jackson,2025-12-13 12:59:47.808242,Churn_Retention_20_Percent,Sent
081db39c-c7ea-405e-9d29-5fd27c1737ae,Micheal Jones,2025-12-13 12:59:47.808342,Churn_Retention_20_Percent,Sent
6ba69564-1383-4c80-b840-d493621e43a9,Kristen Wallace,2025-12-13 12:59:47.808432,Churn_Retention_20_Percent,Sent
5604ece7-f509-45b5-abbc-710a7778d7d4,Kaitlin Paul,2025-12-13 12:59:47.808533,Churn_Retention_20_Percent,Sent
2a107564-c2a7-45c7-ba64-60d23ad65aa6,Crystal Smith,2025-12-13 12:59:47.808632,Churn_Retention_20_Percent,Sent
c302c246-6450-4a07-a2f5-bd8a0b59ea86,Jennifer Boyd,2025-12-13 12:59:47.808717,Churn_Retention_20_Percent,Sent
28f20bb2-06b0-47ee-9e5c-5ac81f66f07d,Oscar Kidd,2025-12-13 12:59:47.808798,Churn_Retention_20_Percent,Sent
1813dceb-59d3-40de-b60a-7c0cbf6cf96c,Daniel Hayes,2025-12-13 12:59:47.808877,Churn_Retention_20_Percent,Sent
3694ccbe-f3d7-4da6-939b-accc1cd013b8,Holly Munoz,2025-12-13 12:59:47.808998,Churn_Retention_20_Percent,Sent
2a5cb746-3a59-477e-99a8-af3daf5fbf39,Chelsea Melendez,2025-12-13 12:59:47.809086,Churn_Retention_20_Percent,Sent
877f62d7-956d-4c47-89be-dd5d8741271e,David Smith,2025-12-13 12:59:47.809174,Churn_Retention_20_Percent,Sent
22c97e1b-1592-498f-b5ff-a06b13ea645a,Tracy Owen,2025-12-13 12:59:47.809275,Churn_Retention_20_Percent,Sent
a310dc4a-6dc4-407c-be86-ff282fa41363,Phyllis Holloway,2025-12-13 12:59:47.809373,Churn_Retention_20_Percent,Sent
1215d04e-e86f-49fc-adf1-b27d444e667e,Daniel Garcia,2025-12-13 12:59:47.809464,Churn_Retention_20_Percent,Sent
3a98a0d1-0758-43e8-a5bd-359dd62383d8,Erin Perez,2025-12-13 12:59:47.809559,Churn_Retention_20_Percent,Sent
f15ebe3c-fd77-4a3e-b60e-f9735ed3aa2c,Jimmy Miller,2025-12-13 12:59:47.809654,Churn_Retention_20_Percent,Sent
9d52b813-cfa4-4e53-a2aa-509762568c36,Diana Lee,2025-12-13 12:59:47.809748,Churn_Retention_20_Percent,Sent
f7c0fa85-c232-41af-ad6e-63f58db5e439,Amy Hopkins,2025-12-13 12:59:47.809853,Churn_Retention_20_Percent,Sent
f2167caf-9e34-4a61-bc9c-0ed8748e898a,Kristin Rose,2025-12-13 12:59:47.811858,Churn_Retention_20_Percent,Sent
d5cfda9e-de25-4c47-ae9d-922117370d51,Melinda Bowers,2025-12-13 12:59:47.812020,Churn_Retention_20_Percent,Sent
cb7d13eb-f20b-46c7-bed0-2ca1a4126137,Jane Beck,2025-12-13 12:59:47.812130,Churn_Retention_20_Percent,Sent
ad9ffc8d-ed55-4af9-a7a8-d8bc76eab53c,Daniel Ramos,2025-12-13 12:59:47.812232,Churn_Retention_20_Percent,Sent
f60a029a-5897-4b63-98f0-1131c5c7cf78,Donald Chen,2025-12-13 12:59:47.812330,Churn_Retention_20_Percent,Sent
c77e35f1-3856-4b6a-aa64-089f21dd7d1e,Carol Morgan,2025-12-13 12:59:47.812432,Churn_Retention_20_Percent,Sent
6d19bf12-9e11-4a32-b5ee-b1b5515f14a7,Susan Keith,2025-12-13 12:59:47.812524,Churn_Retention_20_Percent,Sent
e5b9bb56-cd43-4fe9-b92f-174f92c6de57,Richard Woodward,2025-12-13 12:59:47.812618,Churn_Retention_20_Percent,Sent
da80f133-fdaa-4b68-bca1-49fc29698913,Jose Tran,2025-12-13 12:59:47.812699,Churn_Retention_20_Percent,Sent
12b166eb-0f80-43c0-90ef-81c1d9c83054,Kimberly Jones,2025-12-13 12:59:47.812787,Churn_Retention_20_Percent,Sent
dc87d91c-a21b-409b-9b68-773489f9cfe9,Wayne Galloway,2025-12-13 12:59:47.812904,Churn_Retention_20_Percent,Sent
94a6c42d-28a7-4414-88bd-97b54faca1db,Eric Hernandez,2025-12-13 12:59:47.812995,Churn_Retention_20_Percent,Sent
011ee8b3-8e03-4fff-a4c3-b6e5dc5ad549,Rhonda Chandler,2025-12-13 12:59:47.813086,Churn_Retention_20_Percent,Sent
14da9f8d-c8e4-4cd1-aabf-4eabb0371ab9,Gary Tyler,2025-12-13 12:59:47.813183,Churn_Retention_20_Percent,Sent
3c99378a-0e49-4131-bf17-8cbc760bff81,Christopher Taylor,2025-12-13 12:59:47.813276,Churn_Retention_20_Percent,Sent
6d32756f-3658-4e42-b348-ac7ad83871b2,John Lewis,2025-12-13 12:59:47.813360,Churn_Retention_20_Percent,Sent
91d45e6a-3d63-4994-ba41-24107ea6f0ee,Shannon Jones,2025-12-13 12:59:47.813442,Churn_Retention_20_Percent,Sent
a56a6ad2-5347-482e-b261-314a4c54ecbc,William Patterson,2025-12-13 12:59:47.813535,Churn_Retention_20_Percent,Sent
ba4f95b3-3d4a-403f-b3dc-19becb532516,Michael Stevens Jr.,2025-12-13 12:59:47.813630,Churn_Retention_20_Percent,Sent
fa4af172-62cf-4cd2-9b66-2b046a9d28b8,Barbara Curtis,2025-12-13 12:59:47.813719,Churn_Retention_20_Percent,Sent
8e7a0cd8-d644-48e8-bc49-c9c935354849,Nicole Soto,2025-12-13 12:59:47.813800,Churn_Retention_20_Percent,Sent
a8949471-7c40-4dca-9bda-feb1602bde89,Dana Thompson,2025-12-13 12:59:47.813882,Churn_Retention_20_Percent,Sent
c1235092-e3dc-493e-b1e6-566ef784675d,Joshua Rocha,2025-12-13 12:59:47.814621,Churn_Retention_20_Percent,Sent
a0d88671-f347-4889-8fa5-0182d8f4c943,Deborah Cole,2025-12-13 12:59:47.814735,Churn_Retention_20_Percent,Sent
0402a24e-8944-4808-9088-fbecdbb34634,Dan Gomez,2025-12-13 12:59:47.814845,Churn_Retention_20_Percent,Sent
cd6c6cad-f5df-416e-adeb-adcfe1e8445f,Erik Rose,2025-12-13 12:59:47.814993,Churn_Retention_20_Percent,Sent
5f24def5-8e60-4fd3-a021-4f59b73ef1a2,Kara Burns,2025-12-13 12:59:47.815100,Churn_Retention_20_Percent,Sent
96d7b34b-f9ff-4898-bbc9-380d2584fdf3,Ryan Weber,2025-12-13 12:59:47.815206,Churn_Retention_20_Percent,Sent
51960502-c8fc-4b8c-ae9d-780e2e1fe46a,Karen Hammond,2025-12-13 12:59:47.815311,Churn_Retention_20_Percent,Sent
93c68f89-579d-4d9c-97bb-aebec3f1f22d,Lindsey Lewis,2025-12-13 12:59:47.815416,Churn_Retention_20_Percent,Sent
b7faffac-4a51-4025-bcf2-84d865524b7b,Michael Chandler,2025-12-13 12:59:47.815520,Churn_Retention_20_Percent,Sent
ebc2e6e1-e884-4379-b846-299c72aa5d9f,Gina Phillips,2025-12-13 12:59:47.815644,Churn_Retention_20_Percent,Sent
7dd3bbc6-dc29-4acf-a6d4-49a420e37d91,Amanda Atkins,2025-12-13 12:59:47.815753,Churn_Retention_20_Percent,Sent
fe818e96-0d9d-4106-adeb-123e60eec9f3,Cynthia Flores,2025-12-13 12:59:47.815857,Churn_Retention_20_Percent,Sent
bf908132-3bf5-4f1f-80a4-43f9209f141c,Kayla Jimenez,2025-12-13 12:59:47.815994,Churn_Retention_20_Percent,Sent
633e44e8-169a-41b7-b04d-bacba32619d5,Seth Russo,2025-12-13 12:59:47.816109,Churn_Retention_20_Percent,Sent
2da7ffb0-d440-455c-af22-d61f62e06a29,Alexander Hill,2025-12-13 12:59:47.816212,Churn_Retention_20_Percent,Sent
290e928e-ad90-41db-b902-e11d8e91befc,Erin Shaw,2025-12-13 12:59:47.816315,Churn_Retention_20_Percent,Sent
e5f9d659-05da-404b-add9-a7a95cab2c83,Terry Moore,2025-12-13 12:59:47.816417,Churn_Retention_20_Percent,Sent
6d33186a-23f0-4244-b365-79ae0e7ef696,Kim Harrison,2025-12-13 12:59:47.816518,Churn_Retention_20_Percent,Sent
81844ca3-0b7c-43a5-bd7e-aa354bb5a65a,Kelly Romero,2025-12-13 12:59:47.816619,Churn_Retention_20_Percent,Sent
07e2e7ae-ce7c-400a-945b-b4d36e220342,Rebecca Reese,2025-12-13 12:59:47.816721,Churn_Retention_20_Percent,Sent
e1d560c6-ec78-4b58-9edb-827bcbeecd17,Greg Klein,2025-12-13 12:59:47.816821,Churn_Retention_20_Percent,Sent
f585eb23-cdbf-4e66-bdc0-02c8d816f201,Michael Sanchez,2025-12-13 12:59:47.817069,Churn_Retention_20_Percent,Sent
b9fece28-96d3-434c-b9ad-427b65a81bc1,Taylor Pineda,2025-12-13 12:59:47.817215,Churn_Retention_20_Percent,Sent
ed45d8f6-ef34-4a6b-a6f1-b7a48f879376,Melissa Jacobs,2025-12-13 12:59:47.817321,Churn_Retention_20_Percent,Sent
81bc238b-2d83-453d-bd2b-aefc9fa3ef68,Emily Anderson,2025-12-13 12:59:47.817425,Churn_Retention_20_Percent,Sent
d9439fc8-8d98-43ff-bb69-20f18bc8f6b5,Erin Steele,2025-12-13 12:59:47.817529,Churn_Retention_20_Percent,Sent
b3181fac-986f-4aee-b6a1-7c882a4bdd5e,Debra Blair,2025-12-13 12:59:47.817630,Churn_Retention_20_Percent,Sent
91bb0cc0-e5b7-4865-ad63-0ba84719565a,Teresa Ramirez,2025-12-13 12:59:47.817731,Churn_Retention_20_Percent,Sent
e26e69e0-10c1-40b5-94ca-b314f9afe84d,Alison Tate,2025-12-13 12:59:47.817832,Churn_Retention_20_Percent,Sent
b3f19192-5d76-4e70-925d-ab7a7c34efd6,Alexander Hamilton,2025-12-13 12:59:47.817968,Churn_Retention_20_Percent,Sent
f1caab9a-766d-46c9-ae75-36d5f0f01493,Gabriel Mann,2025-12-13 12:59:47.818077,Churn_Retention_20_Percent,Sent
a9e9eb1a-c7c2-4172-986b-108bf2b344ed,Amanda Hughes,2025-12-13 12:59:47.818182,Churn_Retention_20_Percent,Sent
59c8c08b-134f-4066-b650-3241aa4988d9,Mary Blake,2025-12-13 12:59:47.818293,Churn_Retention_20_Percent,Sent
22c6a6e5-8766-4840-a627-4b31eef932d9,Robin Colon,2025-12-13 12:59:47.818398,Churn_Retention_20_Percent,Sent
b07503a1-f303-4654-85f8-ed0f247366b2,Margaret Young,2025-12-13 12:59:47.818501,Churn_Retention_20_Percent,Sent
d3b14dfa-6867-4ee7-bec1-f85ed73a4f7d,Ryan Rush,2025-12-13 12:59:47.818604,Churn_Retention_20_Percent,Sent
6550cc38-edcf-43c3-b984-3884eee26fb4,Andrea Baker,2025-12-13 12:59:47.818706,Churn_Retention_20_Percent,Sent
d5f1434c-bc1f-4560-b1dd-6a9fda5f62b1,Amy Wells,2025-12-13 12:59:47.818807,Churn_Retention_20_Percent,Sent
0c87e9a2-3671-4010-8297-adcd02173ac3,Christina Brown,2025-12-13 12:59:47.818932,Churn_Retention_20_Percent,Sent
8c6a42b8-672f-4293-ba7e-41845112ebd5,Michelle Williams,2025-12-13 12:59:47.819039,Churn_Retention_20_Percent,Sent
94d8b6b8-18ed-4124-b165-1a83c09454c9,Christopher Robinson,2025-12-13 12:59:47.819142,Churn_Retention_20_Percent,Sent
d86af285-07e1-4890-ad17-310d17efeaaa,Briana Barnett,2025-12-13 12:59:47.819257,Churn_Retention_20_Percent,Sent
85cfdbfe-a435-4a96-8c8c-3ab338f37626,Amy Porter,2025-12-13 12:59:47.819361,Churn_Retention_20_Percent,Sent
6c92c8ad-8ea0-420b-8d61-46e67e3449c3,Michaela Gardner,2025-12-13 12:59:47.819462,Churn_Retention_20_Percent,Sent
e789e6b4-9688-4c67-99a0-30e8fb0721e5,Susan Patterson,2025-12-13 12:59:47.819562,Churn_Retention_20_Percent,Sent
4675c7dd-e066-4651-97a3-3555db15bd82,Jay Duncan,2025-12-13 12:59:47.819661,Churn_Retention_20_Percent,Sent
2e997302-53a1-4be1-a1a9-d19ea1b7d92b,Catherine Miller,2025-12-13 13:06:29.425377,Churn_Retention_20_Percent,Sent
c4946b32-e499-46fe-8293-fdf3bcfb7f73,William Johnson,2025-12-13 13:06:29.425445,Churn_Retention_20_Percent,Sent
d33fe13a-3c6b-41a5-bd92-3214b9577545,Peter King,2025-12-13 13:06:29.425504,Churn_Retention_20_Percent,Sent
f2799d73-fc80-46c4-a045-9b981858d03a,Victoria Shah,2025-12-13 13:06:29.425561,Churn_Retention_20_Percent,Sent
1507c493-79fc-4fd6-8104-3d4617133d80,Jason Park,2025-12-13 13:06:29.425616,Churn_Retention_20_Percent,Sent
18a029db-1457-4480-93e8-cb200d966e15,Jessica Harvey,2025-12-13 13:06:29.425675,Churn_Retention_20_Percent,Sent
26aaf58c-1aef-4b20-9f4c-b6ca641e0d8d,Christopher Johnson,2025-12-13 13:06:29.425733,Churn_Retention_20_Percent,Sent
88ed838c-ce7e-4f6e-a363-6ec46efc7762,John Dudley,2025-12-13 13:06:29.425788,Churn_Retention_20_Percent,Sent
44f6b8ce-4701-4f9d-a599-af1e0c53e29a,John Hart,2025-12-13 13:06:29.425842,Churn_Retention_20_Percent,Sent
4a95324f-7e51-414a-bce0-49e56179c3d9,Carrie Wiggins MD,2025-12-13 13:06:29.425936,Churn_Retention_20_Percent,Sent
564b1b4b-d909-4f87-819e-f91e83da45ce,William Soto,2025-12-13 13:06:29.426007,Churn_Retention_20_Percent,Sent
4f79c326-d370-483d-be27-e568f7496b01,Jamie Mitchell,2025-12-13 13:06:29.426065,Churn_Retention_20_Percent,Sent
6d213c75-a6c9-476e-bb58-4881ea1c4ef2,Michael Reynolds,2025-12-13 13:06:29.426126,Churn_Retention_20_Percent,Sent
88161d5c-3d84-44ff-8604-db38e0898057,Curtis Wise,2025-12-13 13:06:29.426181,Churn_Retention_20_Percent,Sent
ccb3fb4a-004a-4ae3-9be3-a7bcccbf1653,David Leon,2025-12-13 13:06:29.426240,Churn_Retention_20_Percent,Sent
b3348759-1d74-4236-9e00-ee6c46cab5ab,Erica Barton,2025-12-13 13:06:29.426295,Churn_Retention_20_Percent,Sent
d25fe531-aa91-4a2e-91c9-49515ac5bcde,Alexis West,2025-12-13 13:06:29.426349,Churn_Retention_20_Percent,Sent
a0fd495a-10f6-4961-81eb-0da0cfd5b43f,Douglas Webb,2025-12-13 13:06:29.426402,Churn_Retention_20_Percent,Sent
e4eec582-118b-47be-ab40-1e45c78e0864,Mark Gonzalez,2025-12-13 13:06:29.426454,Churn_Retention_20_Percent,Sent
4b4edf6f-c76f-4a9f-bc53-5476767f3cf0,David Wagner,2025-12-13 13:06:29.426508,Churn_Retention_20_Percent,Sent
30e1bf43-beae-4aed-9149-cce712064a63,Carrie Norman,2025-12-13 13:06:29.426560,Churn_Retention_20_Percent,Sent
7c35595a-ba0e-4dc6-9152-eed6877c459e,Robert Reed,2025-12-13 13:06:29.426617,Churn_Retention_20_Percent,Sent
19d3c971-008c-42a2-b70e-5745a8e70fdf,Brandon Stark,2025-12-13 13:06:29.426672,Churn_Retention_20_Percent,Sent
ab062de7-873b-4b93-8711-6990b2e54fc6,James Smith,2025-12-13 13:06:29.426725,Churn_Retention_20_Percent,Sent
34be02e4-da88-4fb6-bf49-d465a45f5a2e,Jake Monroe,2025-12-13 13:06:29.426778,Churn_Retention_20_Percent,Sent
ae7edaf7-ec4f-441a-8add-42e3f63904c4,Kristen Butler,2025-12-13 13:06:29.426874,Churn_Retention_20_Percent,Sent
0a9b4013-333e-4c2e-9a88-9625ba8be216,Steven Sullivan,2025-12-13 13:06:29.426956,Churn_Retention_20_Percent,Sent
8c17cec0-d186-41af-9741-a4ebc6c3d4c8,Heather Leach,2025-12-13 13:06:29.427011,Churn_Retention_20_Percent,Sent
da72cf17-141b-463b-91c1-91d4d8842e52,Robert Miles,2025-12-13 13:06:29.427063,Churn_Retention_20_Percent,Sent
6e96e37c-451d-4ce2-b7c6-ceac00d1284d,Daniel Rodriguez,2025-12-13 13:06:29.427115,Churn_Retention_20_Percent,Sent
f163c872-d2bf-4440-8b4d-5b704d0f6d15,David Luna,2025-12-13 13:06:29.427167,Churn_Retention_20_Percent,Sent
9305aaf1-aa3e-45cb-a5c1-7e25bfc6c739,Joan Weber,2025-12-13 13:06:29.427219,Churn_Retention_20_Percent,Sent
8d77275b-58f9-4778-9727-5e02086b8f14,Christopher Fuentes,2025-12-13 13:06:29.427302,Churn_Retention_20_Percent,Sent
9219305e-d7af-4a2c-9bd5-d0d1b1aaa5fb,Joseph White,2025-12-13 13:06:29.427392,Churn_Retention_20_Percent,Sent
52b05614-2e11-41b4-a554-04653441eaec,Morgan Barnes,2025-12-13 13:06:29.427476,Churn_Retention_20_Percent,Sent
17959893-d6eb-492b-90f5-2f1b1093da14,Anna Gallegos,2025-12-13 13:06:29.427561,Churn_Retention_20_Percent,Sent
44b78bb1-512d-4497-a887-e950d49fd52f,Cody Reyes,2025-12-13 13:06:29.427660,Churn_Retention_20_Percent,Sent
0112c186-868d-465c-8e74-833d4b74905c,Catherine Cole,2025-12-13 13:06:29.427757,Churn_Retention_20_Percent,Sent
8cad4133-21af-4dbf-92c8-659518773c2f,Debra Pena,2025-12-13 13:06:29.427856,Churn_Retention_20_Percent,Sent
f1b0c7e4-fb7a-4502-a4e2-1dadb3df28ac,Michelle Fuller,2025-12-13 13:06:29.427987,Churn_Retention_20_Percent,Sent
5836278d-b01d-49b5-9e5f-4c9491e1bc85,Sandra Hines,2025-12-13 13:06:29.428093,Churn_Retention_20_Percent,Sent
70ec010a-6c75-4c90-b10c-58229ca10ac8,Elizabeth Reynolds,2025-12-13 13:06:29.428199,Churn_Retention_20_Percent,Sent
8e238c41-9356-4e03-a505-a2731c49afdc,Michelle Boyer,2025-12-13 13:06:29.428302,Churn_Retention_20_Percent,Sent
2dfc6c16-4c8e-4d94-8c7e-d347d6d7c5b5,Craig Johnson,2025-12-13 13:06:29.428404,Churn_Retention_20_Percent,Sent
26b3d5e8-6eed-4e85-b19d-543e01296794,Lori Wade,2025-12-13 13:06:29.428507,Churn_Retention_20_Percent,Sent
955a0506-ffd9-41ee-971b-33178523efa0,Karen Robinson,2025-12-13 13:06:29.428610,Churn_Retention_20_Percent,Sent
a6d3ed2e-7886-4357-97fb-275d2b13e3e4,Kevin Villegas,2025-12-13 13:06:29.428713,Churn_Retention_20_Percent,Sent
c64b61a8-27c7-4b23-bf55-f5517f951747,Christina Terry,2025-12-13 13:06:29.428815,Churn_Retention_20_Percent,Sent
fca3e41f-ae4c-435c-9deb-d65ea0cffa4d,Stephanie Hanson,2025-12-13 13:06:29.428942,Churn_Retention_20_Percent,Sent
2f0f2329-5e07-4900-a385-cd95f510498a,Cheryl Aguilar,2025-12-13 13:06:29.429050,Churn_Retention_20_Percent,Sent
639770f5-019a-441c-9247-8697e5d3ad96,Frank Ruiz,2025-12-13 13:06:29.429156,Churn_Retention_20_Percent,Sent
3847b0bf-4970-484d-ab87-c8c8b4ae891b,Ms. Suzanne Lawrence,2025-12-13 13:06:29.429260,Churn_Retention_20_Percent,Sent
414f6a01-0eee-4ee9-9eff-68f5558aaa0e,Cody Miller,2025-12-13 13:06:29.429364,Churn_Retention_20_Percent,Sent
210c3f42-f513-49a7-a58d-0eb39b75d69d,Christina Richardson,2025-12-13 13:06:29.429468,Churn_Retention_20_Percent,Sent
514cfac5-fcca-410e-8717-d43342222889,Sara Morgan,2025-12-13 13:06:29.429576,Churn_Retention_20_Percent,Sent
3af89ffd-22a8-4a17-9732-734522182675,Randall Logan,2025-12-13 13:06:29.429686,Churn_Retention_20_Percent,Sent
7a5249fa-0a34-4281-9a56-e4a11b456cd0,John Potter,2025-12-13 13:06:29.429788,Churn_Retention_20_Percent,Sent
9e3399fb-c1ee-4e50-9c98-47d266224497,Nicole Cruz,2025-12-13 13:06:29.429927,Churn_Retention_20_Percent,Sent
1ec460d8-afba-4b8b-83dd-fc26367820c2,Michael Rodriguez,2025-12-13 13:06:29.430040,Churn_Retention_20_Percent,Sent
3a5bc530-0a53-428f-8ea6-1b9cb759dace,Jennifer Barker,2025-12-13 13:06:29.430152,Churn_Retention_20_Percent,Sent
343ca8da-9859-442e-8509-03597e245f3e,Joshua Faulkner,2025-12-13 13:06:29.430255,Churn_Retention_20_Percent,Sent
04626346-8b9c-44eb-99aa-f42c687f4786,Ricky Freeman,2025-12-13 13:06:29.430359,Churn_Retention_20_Percent,Sent
7aa8a150-b1bb-4a8b-a578-0e7b177755f8,Donna Vaughan,2025-12-13 13:06:29.430461,Churn_Retention_20_Percent,Sent
80e410aa-74be-4bcf-961f-4889a601efd8,Cassandra Steele,2025-12-13 13:06:29.430564,Churn_Retention_20_Percent,Sent
efafe19c-b439-4b44-b531-63fde8ed5f61,Jeffrey Pruitt,2025-12-13 13:06:29.430679,Churn_Retention_20_Percent,Sent
6f7a36b6-e1c8-4245-9f1f-0777db9f204e,Craig Gonzales,2025-12-13 13:06:29.430795,Churn_Retention_20_Percent,Sent
9f760be8-11cb-4b36-ae00-582dc3f13eec,Yvonne Jordan,2025-12-13 13:06:29.430921,Churn_Retention_20_Percent,Sent
b08b3e69-10de-48da-9257-fa9806a0772b,Thomas Benjamin,2025-12-13 13:06:29.431030,Churn_Retention_20_Percent,Sent
f71e3802-cb70-495d-a5fa-641abe076cb5,Joseph Richards,2025-12-13 13:06:29.431137,Churn_Retention_20_Percent,Sent
e6745f6c-a158-4121-8eba-7c2ea83037de,Stephanie Wallace,2025-12-13 13:06:29.431242,Churn_Retention_20_Percent,Sent
4e3b34d2-5898-4cd5-8050-9f3f393b97f0,Samantha Carrillo,2025-12-13 13:06:29.431347,Churn_Retention_20_Percent,Sent
57074c85-f600-497a-a748-19c604b31df5,Connor Long DDS,2025-12-13 13:06:29.431452,Churn_Retention_20_Percent,Sent
a2a48051-b94b-4f1f-95d3-3243c7d9c2a5,Sandra Snyder,2025-12-13 13:06:29.431556,Churn_Retention_20_Percent,Sent
13c25554-99be-4683-8eca-70472f47ba33,Anthony Keith,2025-12-13 13:06:29.431659,Churn_Retention_20_Percent,Sent
e2a42db1-e7b5-435c-8fc6-55c8df02bc50,Clifford Vasquez,2025-12-13 13:06:29.431763,Churn_Retention_20_Percent,Sent
e2902e64-97e3-4496-8038-d12ef1b4ded1,Joshua Fernandez,2025-12-13 13:06:29.431867,Churn_Retention_20_Percent,Sent
06a0eda5-3bf1-42b0-954d-cd7f446225b9,Amanda Reese,2025-12-13 13:06:29.431997,Churn_Retention_20_Percent,Sent
4fb0b49d-dd0e-4fa7-98e2-c9fb7472f153,Steven Schwartz,2025-12-13 13:06:29.432103,Churn_Retention_20_Percent,Sent
64ea7403-b993-4656-a43d-59a5b4b19e50,Crystal Long,2025-12-13 13:06:29.432208,Churn_Retention_20_Percent,Sent
f2cd09f8-32a6-40d2-bda0-807d5c19b79a,Zachary Downs,2025-12-13 13:06:29.432310,Churn_Retention_20_Percent,Sent
74c51fa9-7004-4d69-94db-e61676618a20,Steven Sanchez,2025-12-13 13:06:29.432411,Churn_Retention_20_Percent,Sent
2c3c75bd-56a4-40ad-bd1a-6fb76246320f,Richard Williams,2025-12-13 13:06:29.432515,Churn_Retention_20_Percent,Sent
16f20e3a-06f1-44bb-8379-0c6812356f2f,Stacy Lewis,2025-12-13 13:06:29.432628,Churn_Retention_20_Percent,Sent
bb15d76b-1193-4103-b0e7-d91f1e6c0ef2,Elizabeth Cox,2025-12-13 13:06:29.432732,Churn_Retention_20_Percent,Sent
abbdc8ec-4d08-4df3-b5ee-6f6586dff33b,Kevin Jones,2025-12-13 13:06:29.432835,Churn_Retention_20_Percent,Sent
ed32079d-4f38-49c5-a657-ac4072d0a51c,Kirk Santos,2025-12-13 13:06:29.432961,Churn_Retention_20_Percent,Sent
da0e4884-d758-4040-bf5c-211460733d6d,Michelle Harper,2025-12-13 13:06:29.433069,Churn_Retention_20_Percent,Sent
8faecfae-e219-4641-b904-82ce7d0dfab8,Adam Sherman,2025-12-13 13:06:29.433172,Churn_Retention_20_Percent,Sent
e3c63315-8bca-40b2-85a9-0a2aa02aeb3d,Kenneth Perry,2025-12-13 13:06:29.433274,Churn_Retention_20_Percent,Sent
2714eb40-50dc-4929-b0ea-adcaecbb9089,Sara Peters MD,2025-12-13 13:06:29.433377,Churn_Retention_20_Percent,Sent
8b993cec-41ca-4c2d-b25c-906c2090e268,Steven Powers,2025-12-13 13:06:29.433481,Churn_Retention_20_Percent,Sent
eeadd72f-c7e3-4adc-a00d-5a56ae3bff56,Kenneth Gonzalez,2025-12-13 13:06:29.433584,Churn_Retention_20_Percent,Sent
729ca6d6-adcd-494e-9e11-dfbb0e7c02cc,Jonathan Silva,2025-12-13 13:06:29.433687,Churn_Retention_20_Percent,Sent
3c0e73da-28c4-4416-b1ce-d5308fc29adb,Angela Peterson,2025-12-13 13:06:29.433792,Churn_Retention_20_Percent,Sent
08f5e5a8-25fe-4fff-bd7e-f69e4697214b,Dana Ross,2025-12-13 13:06:29.433917,Churn_Retention_20_Percent,Sent
98a4f59a-ed6e-4fb5-9281-6439c9c1b4c9,Michelle Williams,2025-12-13 13:06:29.434026,Churn_Retention_20_Percent,Sent
25e9d89c-f2ed-4da0-a0f6-52b85a1c8a03,Eric Davis,2025-12-13 13:06:29.434152,Churn_Retention_20_Percent,Sent
d1044125-6879-4e81-a5cd-f47269761742,John Smith,2025-12-13 13:06:29.434262,Churn_Retention_20_Percent,Sent
6e6d0c45-eefd-40f8-92ec-afaaa6fa9718,Megan Herrera,2025-12-13 13:06:29.434367,Churn_Retention_20_Percent,Sent
ac4d5cd5-fed2-43d4-802a-dad3cc2f9020,Adrian Reyes,2025-12-13 13:06:29.434471,Churn_Retention_20_Percent,Sent
77ea802c-7701-4a64-865f-f699c14ec307,Angela Cox,2025-12-13 13:06:29.434575,Churn_Retention_20_Percent,Sent
5bb48da3-5a43-4aab-b4e9-ff291a70c35f,Roger Morgan,2025-12-13 13:06:29.434680,Churn_Retention_20_Percent,Sent
da4585cb-cb1b-48e4-8569-5edb0979d0f1,Paula Moore,2025-12-13 13:06:29.434784,Churn_Retention_20_Percent,Sent
df61eb26-b167-425c-9cfc-b8b17d4be470,Kimberly Mills,2025-12-13 13:06:29.434909,Churn_Retention_20_Percent,Sent
61e9e0cc-c2b4-4d5a-9fef-e522c90457c6,Theresa Miller,2025-12-13 13:06:29.435026,Churn_Retention_20_Percent,Sent
0bfacd2c-ef42-495c-9bcd-fb88b6705411,Jessica Mcconnell,2025-12-13 13:06:29.435131,Churn_Retention_20_Percent,Sent
603f3aa3-cb67-4e43-b9e4-5e4295fe113d,Daniel Johnson,2025-12-13 13:06:29.435234,Churn_Retention_20_Percent,Sent
92fdec80-c83b-42cc-8334-7ba62834554f,Daniel Byrd,2025-12-13 13:06:29.435338,Churn_Retention_20_Percent,Sent
4b138ac4-b03e-49e9-9dbc-2b49255e158b,Rebecca Carlson,2025-12-13 13:06:29.435440,Churn_Retention_20_Percent,Sent
08affcb2-f55f-40da-8a51-8e31c31f317a,Adam Buck,2025-12-13 13:06:29.435544,Churn_Retention_20_Percent,Sent
a743d19d-2453-4418-b285-155b154f2e15,Alexander Daniels,2025-12-13 13:06:29.435656,Churn_Retention_20_Percent,Sent
b665157f-f1ea-4a73-8675-323683b08cc1,Eric Barrett,2025-12-13 13:06:29.435762,Churn_Retention_20_Percent,Sent
1bcf58cf-62ea-4e04-9fd5-9027f43e087d,Stephanie Wright,2025-12-13 13:06:29.435867,Churn_Retention_20_Percent,Sent
214a850b-6dec-46ee-b625-7b5202b87eed,David Moore,2025-12-13 13:06:29.435996,Churn_Retention_20_Percent,Sent
443a0fd7-857f-46ed-bad8-176f842c7ada,Lisa Schroeder,2025-12-13 13:06:29.436100,Churn_Retention_20_Percent,Sent
7ee12bbc-1ab9-417a-90ba-960e758e6b36,Ivan Tucker,2025-12-13 13:06:29.436204,Churn_Retention_20_Percent,Sent
d63ea441-a2f4-4884-87b3-c4c2f3f1072a,John Patterson,2025-12-13 13:06:29.436308,Churn_Retention_20_Percent,Sent
5605c2fc-18fd-4e13-ba33-ad06554c18fa,Kenneth Hale,2025-12-13 13:06:29.436412,Churn_Retention_20_Percent,Sent
98ffcb34-4a83-45f6-be11-65510401e46f,Patrick Alexander DVM,2025-12-13 13:06:29.436516,Churn_Retention_20_Percent,Sent
a1e7abb9-e420-4763-9359-5379a90d20b9,Jordan Turner,2025-12-13 13:06:29.436617,Churn_Retention_20_Percent,Sent
492ec7d8-0afa-497e-ac8b-1a5e347b00d2,Ryan Woods,2025-12-13 13:06:29.436720,Churn_Retention_20_Percent,Sent
ee820f97-5741-4666-b2cf-38f8ebf6e626,Madison Williams,2025-12-13 13:06:29.436825,Churn_Retention_20_Percent,Sent
ecbb590d-2d42-42ab-8120-c6c9ff8ba9ad,Antonio Estrada,2025-12-13 13:06:29.436952,Churn_Retention_20_Percent,Sent
6eeaa88a-7752-4dc3-b120-bf7f8e4fb5ea,Matthew Jones,2025-12-13 13:06:29.437060,Churn_Retention_20_Percent,Sent
6ea49174-5d2a-4dcb-bc9e-aefc3248806a,Debra Nelson,2025-12-13 13:06:29.437166,Churn_Retention_20_Percent,Sent
f169bbec-7e09-4acf-be17-e5d2bbc5bb9e,Robert Fletcher,2025-12-13 13:06:29.437269,Churn_Retention_20_Percent,Sent
c3299738-1abb-4387-acd9-f160b6506584,William Aguilar,2025-12-13 13:06:29.437374,Churn_Retention_20_Percent,Sent
ecdec2e1-bcbb-4d45-a6ca-fb1625e65e77,Nicholas Sanchez,2025-12-13 13:06:29.437477,Churn_Retention_20_Percent,Sent
7c66c893-a4c8-495c-937c-1d5d970147dd,Ronald Green,2025-12-13 13:06:29.437601,Churn_Retention_20_Percent,Sent
93e431b9-e35e-44d1-ae5e-ddeb05a51d5f,Brad Adams,2025-12-13 13:06:29.437709,Churn_Retention_20_Percent,Sent
6a1bc03e-5a2b-4f00-ba85-07312e724d8c,Desiree Bennett,2025-12-13 13:06:29.437814,Churn_Retention_20_Percent,Sent
8441f944-6e16-4df4-b166-ad557435701a,Samantha Myers,2025-12-13 13:06:29.437940,Churn_Retention_20_Percent,Sent
eece7b4e-d98c-4f6a-8f09-604a1415d96d,Theresa Williams,2025-12-13 13:06:29.438048,Churn_Retention_20_Percent,Sent
a3516223-be45-46c7-a059-66ed063031bd,Jennifer Vasquez,2025-12-13 13:06:29.438152,Churn_Retention_20_Percent,Sent
625a3f54-f0e8-4444-8e1d-68d5432bca7b,Tiffany Charles,2025-12-13 13:06:29.438257,Churn_Retention_20_Percent,Sent
204cdeb0-0978-449c-a4ca-3e0c3f62f370,Keith Howell,2025-12-13 13:06:29.438361,Churn_Retention_20_Percent,Sent
340cb8fe-cad3-4cb2-abd2-7f8d80dec803,Mr. Mitchell Hall,2025-12-13 13:06:29.438466,Churn_Retention_20_Percent,Sent
25e2ba3c-a067-4aa3-88cd-f4e8a87e88a1,Nicholas Salinas,2025-12-13 13:06:29.438569,Churn_Retention_20_Percent,Sent
3a8eb13d-5839-40b3-8dbf-f02e337004ae,Jennifer Navarro,2025-12-13 13:06:29.438672,Churn_Retention_20_Percent,Sent
e2f61cd3-a56a-4de6-9823-f41c2b528336,Holly Mitchell,2025-12-13 13:06:29.438797,Churn_Retention_20_Percent,Sent
e6ce17c4-9389-45d9-a374-f37c75d403d1,Joshua Hodges,2025-12-13 13:06:29.438933,Churn_Retention_20_Percent,Sent
74b3939b-934c-49b5-bbe8-315d0735fb86,Patrick Fisher,2025-12-13 13:06:29.439044,Churn_Retention_20_Percent,Sent
faf4cfc7-2c12-4e7f-a85a-c2b24c70e505,Bill Vargas,2025-12-13 13:06:29.439150,Churn_Retention_20_Percent,Sent
5e4ccc0b-025e-4545-873b-3772cee6e094,Angela Lucas,2025-12-13 13:06:29.439253,Churn_Retention_20_Percent,Sent
1c700f39-4175-457a-9f89-da37eb75ac66,Gregory Patterson,2025-12-13 13:06:29.439357,Churn_Retention_20_Percent,Sent
ba02faa8-8034-466d-bf0b-d4fba5fb85ea,Charles Simpson,2025-12-13 13:06:29.439461,Churn_Retention_20_Percent,Sent
1a4413bd-f10c-4efb-b040-cf520487b322,Howard Nelson,2025-12-13 13:06:29.439566,Churn_Retention_20_Percent,Sent
09df22fb-fd95-484a-abb0-a7fde23779b3,Phillip Shepard,2025-12-13 13:06:29.439669,Churn_Retention_20_Percent,Sent
7fde0025-10ba-4fbd-b3f9-5b49a8d66c0e,Deborah Terry,2025-12-13 13:06:29.439775,Churn_Retention_20_Percent,Sent
316de2b8-d73e-41ff-8f7d-7ad392605aaa,Erica Jenkins,2025-12-13 13:06:29.439879,Churn_Retention_20_Percent,Sent
3c38f551-c687-40d2-b3cd-599804444a34,Timothy Orr,2025-12-13 13:06:29.440201,Churn_Retention_20_Percent,Sent
57ca8609-ad42-4782-abc8-251e3819c825,Joseph Ramirez,2025-12-13 13:06:29.440323,Churn_Retention_20_Percent,Sent
e588dd4e-39b1-4416-a034-eda804800a5d,Alicia Underwood,2025-12-13 13:06:29.440432,Churn_Retention_20_Percent,Sent
e83d81e0-7367-48cf-b725-833644d308ae,Kyle Morgan,2025-12-13 13:06:29.440539,Churn_Retention_20_Percent,Sent
c7f81ff1-9ab9-4b6c-a43a-b2299cc38b55,Mrs. Erica Mullins,2025-12-13 13:06:29.440643,Churn_Retention_20_Percent,Sent
3eef2e76-05bb-4452-b01e-4ed45169e267,Timothy Gross,2025-12-13 13:06:29.440755,Churn_Retention_20_Percent,Sent
7eac2131-78f4-4885-b779-c872fa54329f,Christina Hayden,2025-12-13 13:06:29.440861,Churn_Retention_20_Percent,Sent
d6c2e7bc-8b71-4bf9-a97c-d278bca2aa6a,Rhonda Cook,2025-12-13 13:06:29.440992,Churn_Retention_20_Percent,Sent
25de3083-eb26-471e-866d-3f45eab19ef7,Connie Malone,2025-12-13 13:06:29.441099,Churn_Retention_20_Percent,Sent
7642fa57-fabd-4577-a7ba-2ffec30c543c,Rachel Nguyen,2025-12-13 13:06:29.441203,Churn_Retention_20_Percent,Sent
e3db719f-6a54-427d-bf90-a77becdac115,Hayley Phillips,2025-12-13 13:06:29.441319,Churn_Retention_20_Percent,Sent
99000692-35d6-4700-b9fe-320bf56d6bf6,Jasmine Young,2025-12-13 13:06:29.441426,Churn_Retention_20_Percent,Sent
289afe60-f6ca-4397-8ff5-19f927bd22df,Brittany Webb,2025-12-13 13:06:29.441529,Churn_Retention_20_Percent,Sent
523dc75a-0710-469d-bcb4-159af204d9f0,Phillip Friedman,2025-12-13 13:06:29.441632,Churn_Retention_20_Percent,Sent
029b8c26-5189-40db-817c-fe45c21f664c,William Klein,2025-12-13 13:06:29.441735,Churn_Retention_20_Percent,Sent
4299bc2b-a3a8-4597-b1f2-076d03826d61,John Joseph,2025-12-13 13:06:29.441837,Churn_Retention_20_Percent,Sent
0d88d547-0c2c-4b68-ae36-4f5923a4f35b,Robert Hinton,2025-12-13 13:06:29.441963,Churn_Retention_20_Percent,Sent
0b7e54fb-5877-4872-a4a5-03039f4f7ec4,Kevin Pruitt,2025-12-13 13:06:29.442067,Churn_Retention_20_Percent,Sent
758ed7bf-4504-435b-b28c-fb54084a7866,Marcus Owens,2025-12-13 13:06:29.442170,Churn_Retention_20_Percent,Sent
fc44b8ba-d240-46c8-a4ed-5adc9a339957,Lori Mills,2025-12-13 13:06:29.442272,Churn_Retention_20_Percent,Sent
a74c2a32-a03d-4b4a-8c94-16c0824e6785,Larry Alvarado,2025-12-13 13:06:29.442375,Churn_Retention_20_Percent,Sent
c724e00f-8330-45bb-bb58-d49fb6f80139,Jacqueline Frost,2025-12-13 13:06:29.442479,Churn_Retention_20_Percent,Sent
62c85bc2-f0bd-4b19-bbab-816b607f6bb7,John Crane,2025-12-13 13:06:29.442583,Churn_Retention_20_Percent,Sent
428af1f5-6754-4696-be5d-42b858d54d54,Robin Ferguson,2025-12-13 13:06:29.442687,Churn_Retention_20_Percent,Sent
86423aef-ece0-4f5e-8f4d-1c5d0ac799bc,Cheryl Wiggins,2025-12-13 13:06:29.442800,Churn_Retention_20_Percent,Sent
6b0f352f-ef31-42c6-bc1c-985f666c21f4,Philip Evans,2025-12-13 13:06:29.442923,Churn_Retention_20_Percent,Sent
2663fd04-5d62-4f81-8f40-0fa759b87cd8,Darryl Summers,2025-12-13 13:06:29.443030,Churn_Retention_20_Percent,Sent
a25170eb-1980-469a-b938-435abcfeac17,Jason Garcia MD,2025-12-13 13:06:29.443134,Churn_Retention_20_Percent,Sent
7f29aa5d-6fdc-4328-89f6-dc46c450d7fb,Maureen Smith,2025-12-13 13:06:29.443236,Churn_Retention_20_Percent,Sent
0797865a-ecaf-4692-b562-ba3bd8c662cb,Curtis Salas,2025-12-13 13:06:29.443338,Churn_Retention_20_Percent,Sent
b950754c-f97d-44a2-9f7e-df2e4c1dcc30,Jay Miller,2025-12-13 13:06:29.443447,Churn_Retention_20_Percent,Sent
40a0f95e-ec77-4728-823e-cf909fa35bff,Jeffery Anderson,2025-12-13 13:06:29.443551,Churn_Retention_20_Percent,Sent
9107e095-c37c-4d1b-b13c-df4f00ff141e,Mr. Austin Bishop,2025-12-13 13:06:29.443654,Churn_Retention_20_Percent,Sent
8023bbb4-46a5-4d70-bab7-28e13e04a55b,Miguel Leonard,2025-12-13 13:06:29.443755,Churn_Retention_20_Percent,Sent
5925b81a-e910-4e61-8614-df6fcc7baaf5,Jessica Rogers,2025-12-13 13:06:29.443857,Churn_Retention_20_Percent,Sent
c67971b2-8945-41b8-b8a8-53ceed47c84b,Julia Serrano,2025-12-13 13:06:29.443984,Churn_Retention_20_Percent,Sent
a865f583-aab3-4798-b018-19c5bef14be8,Susan Palmer,2025-12-13 13:06:29.444089,Churn_Retention_20_Percent,Sent
d9d2e9f1-4124-4f8f-9b4e-4f06ddb01486,Carolyn Morgan,2025-12-13 13:06:29.444192,Churn_Retention_20_Percent,Sent
a23cf1db-9c67-4187-937f-d9479ff8f0f6,James Miller,2025-12-13 13:06:29.444294,Churn_Retention_20_Percent,Sent
01fb29b2-5b7f-44fe-b5a7-f0ff79456aed,Jon Haynes,2025-12-13 13:06:29.444396,Churn_Retention_20_Percent,Sent
a3ca2afd-257a-4d53-9a99-dbdf65e9257d,Michael Lopez,2025-12-13 13:06:29.444498,Churn_Retention_20_Percent,Sent
39e8077f-7252-43f0-96ac-f9e4ee28f89f,Patricia Monroe,2025-12-13 13:06:29.444600,Churn_Retention_20_Percent,Sent
bd7749af-af54-46e2-a20e-0d8de3245a86,Daniel Blevins,2025-12-13 13:06:29.444716,Churn_Retention_20_Percent,Sent
4cf9e859-1aec-4fcc-9473-16e6c062baa0,Benjamin Frye,2025-12-13 13:06:29.444822,Churn_Retention_20_Percent,Sent
d361ebba-e78a-40d9-85ff-edf257fb4be0,Rachel Lewis,2025-12-13 13:06:29.444947,Churn_Retention_20_Percent,Sent
a263f159-92e8-4538-9d85-c402d42e77c4,Jessica Dixon,2025-12-13 13:06:29.445052,Churn_Retention_20_Percent,Sent
9f178903-af07-424a-be77-f0316650c5c6,Christopher Fisher,2025-12-13 13:06:29.445167,Churn_Retention_20_Percent,Sent
51b0ff43-a2c8-453d-9641-bd409a8d778e,Allison Ruiz,2025-12-13 13:06:29.445271,Churn_Retention_20_Percent,Sent
f403f06e-65f2-48df-9453-ba53f0589209,Edward Benjamin,2025-12-13 13:06:29.445384,Churn_Retention_20_Percent,Sent
894f68ac-7163-438e-9292-da3268d08c3b,Christopher Mahoney,2025-12-13 13:06:29.445487,Churn_Retention_20_Percent,Sent
8d89123e-dc0d-4097-bf06-3012d0714a9f,Justin Harris,2025-12-13 13:06:29.445589,Churn_Retention_20_Percent,Sent
