customer_id,name,age,city,join_date,is_churn,total_txns,avg_txn_amount,days_since_last_txn,churn_prediction,churn_probability
cf869d00-b044-4b60-9199-e346baf43d11,Kari Salazar,19,Port Chelseachester,2025-08-16,0,30,2771.208666666667,8,0,0.0
2e997302-53a1-4be1-a1a9-d19ea1b7d92b,Catherine Miller,42,Port Leonardshire,2025-09-16,1,0,0.0,999,1,1.0
78f164a4-3480-4a5e-9b62-22e56233d2e0,Danielle Gonzalez,39,Lake Daniel,2025-06-15,0,68,2492.40955882353,7,0,0.0
bdbf7d22-6c4b-47de-b5a8-d519080857da,Erika Price,38,Port Andrea,2025-01-03,0,50,2706.7644,4,0,0.0
69ad5cec-7e83-48ae-9f3c-3163d625ca18,Laura Moody,67,New Bradleyview,2024-10-02,0,56,2412.0198214285715,4,0,0.0
5eda5ae1-ec16-4142-8970-1bf03e288d93,Whitney Cruz,70,Perezberg,2025-10-27,0,92,2502.47554347826,1,0,0.0
c4946b32-e499-46fe-8293-fdf3bcfb7f73,William Johnson,18,Meganville,2024-01-02,1,3,1879.256666666667,116,1,1.0
f2f0b654-b945-427e-93a5-980abafd2f70,Leah Moore,28,Port Elizabeth,2025-06-09,0,87,2392.106206896552,0,0,0.0
4bc195dc-3a4b-416a-91ed-bf278e9aefba,Tiffany Rodriguez,40,West Micheleview,2025-08-18,0,77,2460.804805194806,1,0,0.0
d33fe13a-3c6b-41a5-bd92-3214b9577545,Peter King,73,North Stephaniefurt,2024-04-11,1,2,718.2750000000001,153,1,1.0
c05552e1-dc13-4742-87ba-2037dc666c38,David Burgess,34,Lake Amy,2025-04-30,0,100,2380.9003999999995,2,0,0.0
a13f9e2a-25ed-42ec-8234-373e554dba1c,Danielle Skinner,31,Pearsonmouth,2025-01-19,0,23,2471.0656521739133,12,0,0.0
0e4a52b8-9689-4751-b8ca-cc857de45a8b,Martin Davis,28,East Mary,2024-03-06,0,83,2551.875542168675,1,0,0.0
da5a0ec7-122c-4caf-9bfc-029fef26f0ad,Ethan Gray,57,Brittanyfurt,2025-11-18,0,95,2544.781894736843,2,0,0.0
eef2a0b0-ed3f-4c20-8f73-34b4a31ca0e7,Ashley Bush,59,Woodsfurt,2025-10-12,0,34,2894.1317647058822,13,0,0.0
71103bdb-f118-4fdd-aed2-9581126a2683,Charles Ray,39,Paulachester,2025-04-15,0,56,2534.221607142856,3,0,0.0
4750f0cb-c39b-4f25-a78a-f8533ef7479b,Amy Luna,47,North Marissa,2025-08-07,0,51,2336.876274509803,0,0,0.0
72e2b057-3194-43c7-9941-3ca498cd7876,Nathan Perez,62,Rossborough,2024-11-09,0,28,2741.3592857142858,2,0,0.0
baa51a0e-d1e7-412f-859e-8b20c77b616a,Kaylee Kelly,57,Charlesville,2025-06-01,0,59,2172.397457627119,8,0,0.0
ab6ed6bc-6e0a-40df-9bf4-254b329ec53a,Gregory West,68,Martinezport,2024-04-25,0,34,2293.037058823529,5,0,0.0
b41afe95-b0ef-4d6a-8ea6-13792663ce23,James Grant,35,Joshuaburgh,2025-11-27,0,40,2442.6667500000003,2,0,0.0
5b22c905-e0a1-4d0a-8758-c04f12afc03b,Anne Zamora,28,Gonzalezberg,2025-07-08,0,64,2543.8981250000006,3,0,0.0
136e4fe9-ea69-47dc-a7ee-5a4030a0b5d3,Paul Smith,36,Floresmouth,2025-03-10,0,86,2528.7023255813965,1,0,0.0
6e31158b-9f4c-442c-8009-9d2338b703ce,Renee Saunders,38,North Pamelaland,2025-08-28,0,56,2469.0639285714283,2,0,0.0
e5b0857e-3264-4a14-91e5-eb4ad682a405,Allen Houston,20,Morganmouth,2023-12-31,0,34,2514.7314705882345,5,0,0.0
3108e6fc-53da-493f-8ece-56ffa9ec5f05,Mary Gardner,21,Danielton,2025-03-13,0,84,2395.691904761905,4,0,0.0
4bc83652-dc5d-4bb5-a9d5-19b8bba51055,Kim Simmons,44,Port Brianafort,2024-10-23,0,62,2384.0614516129035,2,0,0.0
77f879b5-9a43-48d1-8ef8-3869b271d1a0,Shannon Curtis,70,South Tanya,2024-11-07,0,73,2582.807945205479,1,0,0.0
667dd003-9c58-4bd4-9f51-7a097eac5201,Jennifer Brown,24,Margaretville,2025-07-13,0,91,2492.8738461538464,1,0,0.0
30dfa850-5c1d-4794-9f08-dff8f357b157,Amanda Smith MD,73,North Kathrynborough,2024-09-20,0,59,2719.9966101694904,3,0,0.0
7cbf05a9-9522-444f-a0bb-882a8231f918,Sarah Holland,41,Myersbury,2025-03-26,0,56,2330.0221428571426,2,0,0.0
f2799d73-fc80-46c4-a045-9b981858d03a,Victoria Shah,41,Port Lorichester,2024-01-23,1,4,3044.475,47,1,1.0
1507c493-79fc-4fd6-8104-3d4617133d80,Jason Park,51,East Daniellechester,2025-03-01,1,3,2256.9166666666665,87,1,1.0
5349a963-f9b9-4779-9992-0e900742ab33,Robert Johnson,27,Rogerston,2025-01-25,0,65,2708.2310769230767,0,0,0.0
24d6ac4e-3e98-454f-a9b6-86a9de475052,Jason Carter,44,Hansonborough,2025-10-27,0,26,2198.245384615385,6,0,0.0
18a029db-1457-4480-93e8-cb200d966e15,Jessica Harvey,21,Alexanderchester,2024-10-23,1,1,2301.76,33,1,1.0
21b04d68-f0e0-4e14-9636-095dc6f2d890,David Mitchell,65,Port Virginiaburgh,2025-03-11,0,43,2166.439069767442,5,0,0.0
1948b646-9a3e-40c8-b87a-e3dbf28569fb,Brenda Bowen,21,Lake Joel,2024-06-29,0,77,2495.6364935064953,0,0,0.0
46c42dc4-e7a5-4b7c-9ce6-cb56701005e3,Jessica Buck,56,Port Williamshire,2025-12-05,0,62,2524.4117741935484,5,0,0.0
26aaf58c-1aef-4b20-9f4c-b6ca641e0d8d,Christopher Johnson,45,East Sarahstad,2025-03-24,1,5,2892.58,34,1,0.99
c9f0964a-3959-4e66-a0bb-b7946b3e7797,Kelsey Marshall,22,Stephaniemouth,2024-11-26,0,94,2308.244255319149,1,0,0.0
4f45aae9-fc81-4c0d-bb18-c9e48a92aabc,Natasha Smith,20,Carrside,2024-12-21,0,48,2092.140625,1,0,0.0
00806761-10a8-4048-a92c-6ba374a8639e,Jerry Carrillo,72,Port Wendyland,2023-12-23,0,73,2294.8235616438355,4,0,0.0
8d301c6f-103f-4c18-aec7-c7b800b694ee,Laura Murphy,39,Reginaton,2024-04-25,0,86,2147.3569767441863,5,0,0.0
f30cbbb8-4125-403a-afac-e654a6ed5330,Nathaniel Brock,37,Lewisview,2024-06-07,0,44,3147.9086363636366,6,0,0.02
8741e62d-1682-4e95-984b-1f269dd187c2,Tiffany Thompson,62,Port Jamesshire,2024-03-19,0,72,2179.356666666665,1,0,0.0
fd207a6c-333b-446b-943d-ceb825a9c64a,Julian Delacruz,59,Lake Dominique,2024-01-29,0,75,2311.5088000000005,2,0,0.0
4c733114-9348-42b6-831e-d69a303757c0,Robert Gardner,50,Gallowayland,2025-04-17,0,58,2719.7398275862074,3,0,0.0
53ce2fbc-19a8-4413-bbea-3eb7d37444a5,Cory Evans,53,Port Kathrynville,2025-02-27,0,97,2607.4118556701046,0,0,0.0
474d6f49-feaa-46cf-815b-fe20e0b4eb44,Julie Anthony,54,North Erica,2025-11-19,0,92,2422.432717391304,2,0,0.0
bc53449e-47c2-4316-9cb8-2e4309728b0e,Lindsey Martin,52,Haleychester,2024-05-03,0,96,2327.6465625,1,0,0.0
88ed838c-ce7e-4f6e-a363-6ec46efc7762,John Dudley,65,West Alexisborough,2025-03-24,1,2,2177.0099999999998,58,1,1.0
060036eb-bc23-44e3-a8e3-39e7456b8cda,David Lewis,63,New Kylieport,2025-03-30,0,79,2381.798607594936,1,0,0.0
44f6b8ce-4701-4f9d-a599-af1e0c53e29a,John Hart,30,Lake Rhondamouth,2025-04-18,1,4,3618.84,65,1,1.0
4a95324f-7e51-414a-bce0-49e56179c3d9,Carrie Wiggins MD,47,Jacksonview,2024-03-24,1,2,4157.225,36,1,1.0
f789ed56-4635-48a8-b240-dd81cdf78474,Jennifer Bryant,49,South Brianna,2024-04-26,0,73,2419.4002739726034,6,0,0.0
846caf01-53cc-40fc-bfb9-41579abcbe31,Abigail King,29,Mcgeemouth,2024-02-06,0,98,2552.142755102041,0,0,0.0
564b1b4b-d909-4f87-819e-f91e83da45ce,William Soto,67,East Johnport,2025-10-26,1,0,0.0,999,1,1.0
e59b636b-6ca7-40f5-88ec-ad24c2aa7f67,James Montgomery,59,North Nicholas,2024-07-13,0,62,2559.331612903226,5,0,0.0
08b7d01c-f9f6-456b-84af-9d5b0c062bcf,Heather Estrada,27,New Blake,2024-05-29,0,92,2385.3225000000007,7,0,0.0
e8bc488c-644e-4eb5-8345-c605bcb07d46,Alexander Walker,46,Port Sandra,2024-10-03,0,84,2520.8755952380943,0,0,0.0
06691800-53d9-40b5-8c2b-7c802432d3af,William Henry,18,North Jacobberg,2025-04-03,0,79,2302.0722784810127,2,0,0.0
e81775c6-7ec3-443c-8b8c-3ca2ca130050,Sandra Davidson,30,New Heidi,2024-05-29,0,59,2252.1,13,0,0.0
2ec356a9-afe9-463d-8951-709a2e374454,Jacob Newton,47,Port Thomas,2024-10-11,0,77,2672.5090909090904,0,0,0.0
61f82fd9-3616-4dbe-8ec4-6c26e9919ac5,Brandi Hernandez,73,North Julie,2024-06-14,0,20,2520.8555000000006,9,0,0.0
444ae988-d825-499b-840a-3a2ab3456909,Sara Williams,72,Hintonville,2024-03-06,0,66,2465.671212121212,2,0,0.0
f376b812-4ee7-482d-8f35-810d304125a4,Catherine Foster,41,West Benjamin,2025-06-01,0,72,2572.65,2,0,0.0
4f79c326-d370-483d-be27-e568f7496b01,Jamie Mitchell,48,Fordbury,2023-12-25,1,2,2889.73,50,1,0.99
0310849d-537c-4cba-98c8-d60a615d9bcf,Kim Chambers,30,Robertland,2025-10-12,0,79,2421.783670886076,0,0,0.0
493ed57d-c602-4603-9290-3f7948efd3e7,Stephanie Brooks,56,Leetown,2025-06-15,0,56,2500.0526785714287,2,0,0.0
ec71d569-dc5b-447e-b8e3-53b4bd184b2e,Jasmine Johnson,25,Juliemouth,2024-07-01,0,81,2522.2050617283953,3,0,0.0
8b1babff-1fd6-438e-a484-ec811e09d73f,Jesse Lawrence,21,Andreahaven,2025-07-01,0,43,2520.8220930232555,7,0,0.0
ecb10f1f-a067-477d-adb9-64254fcec9ec,Travis Woods,37,Trevorburgh,2024-06-26,0,49,2534.4312244897965,3,0,0.0
2a476a4a-8a78-4dab-88af-32cc847f877f,Danny Gomez,41,East Jamesburgh,2025-02-01,0,87,2418.1621839080453,0,0,0.0
6d213c75-a6c9-476e-bb58-4881ea1c4ef2,Michael Reynolds,48,Port Jamie,2024-08-15,1,5,1498.354,52,1,1.0
8788b10b-8a8b-497d-b80f-dd0e366fb06f,Jennifer Bailey,19,Monroeland,2024-12-24,0,84,2544.1063095238096,0,0,0.0
5691cd26-b592-4b04-a045-6d48a52c0e62,Darius Young,34,Brianstad,2025-07-02,0,91,2461.302527472528,2,0,0.0
98e03b1e-0db0-4670-a718-25d130c7531b,Mr. Johnny Thompson,57,Victorside,2025-06-29,0,75,2663.696666666667,8,0,0.0
88161d5c-3d84-44ff-8604-db38e0898057,Curtis Wise,38,West Jennifer,2024-11-09,1,5,3468.5619999999994,46,1,1.0
07b1d5ab-41c2-4121-a598-4f6783f25caf,Michelle Owens,29,North Robertborough,2024-02-07,0,39,2120.6415384615384,1,0,0.0
ccb3fb4a-004a-4ae3-9be3-a7bcccbf1653,David Leon,55,Scottstad,2024-11-08,1,4,1571.82,83,1,1.0
142ceff3-5913-4d48-bc5d-ddc0c5731ff2,Brian Evans,62,Christinatown,2025-02-28,0,20,3105.7365,1,0,0.0
b3348759-1d74-4236-9e00-ee6c46cab5ab,Erica Barton,19,Port Vickieview,2024-11-02,1,0,0.0,999,1,1.0
7c7bf712-7017-4697-b6ee-6ca5141b8cd3,Elizabeth Arias,31,Beckville,2024-11-17,0,62,2772.1677419354837,2,0,0.0
d25fe531-aa91-4a2e-91c9-49515ac5bcde,Alexis West,65,Lynnmouth,2025-11-23,1,4,2835.6225000000004,67,1,1.0
a0fd495a-10f6-4961-81eb-0da0cfd5b43f,Douglas Webb,75,Christopherborough,2023-12-30,1,2,656.225,69,1,1.0
a529ffa2-34e0-4ff3-a91a-9b3490e5ae09,Wesley Cross,46,Perezville,2025-09-23,0,97,2553.325051546391,6,0,0.0
dfbe310b-78b7-49cb-9161-5a71a595ef99,James Hughes,25,Victoriastad,2025-10-23,0,24,3089.572083333333,12,0,0.01
71aa8094-353a-4642-9e61-86691bedb8a5,Earl Cole,55,New Jason,2024-04-06,0,89,2360.4584269662937,4,0,0.0
d10065bc-cbff-4e4f-af9d-c9b452b26cd9,Jose Perez,53,Reneeview,2024-12-29,0,44,2698.2622727272724,1,0,0.0
6a3fd7a7-cca5-4f49-8b59-56c1cd06def8,Lee Meza,75,Port Sarah,2025-01-01,0,70,2506.716142857142,1,0,0.0
567beeed-8f5d-490d-ac78-ba449b559325,Melanie Maldonado,60,South Rachel,2024-05-30,0,24,2542.454166666667,2,0,0.0
0d833162-6d81-42e9-9359-9cb3830b13b7,Holly Kent,29,Eatonville,2024-07-10,0,88,2111.147045454545,1,0,0.0
bf3f15a0-862c-4d44-b9a4-e4404c6f1350,Danielle Stephens,54,North Laurafort,2024-05-07,0,78,2439.4447435897437,2,0,0.0
807be421-c1c6-4e48-a567-4e5635d1635f,Christopher Williams,22,South Dustinside,2024-12-17,0,58,2403.1032758620686,4,0,0.0
8f68c7f5-f3bb-45bc-87f9-0b1cf006b070,Misty Coleman,50,Pughview,2025-01-22,0,60,2426.2778333333335,10,0,0.0
954d0edf-4a92-49b0-9316-7be9012d532f,Katherine Garcia,44,East Michael,2025-04-28,0,76,2322.1165789473694,6,0,0.0
c78f561d-1c59-4374-b1a2-022c3a38cba7,Carol White,19,West Natalie,2025-08-18,0,56,2819.5953571428577,10,0,0.0
86f864e9-f0b8-4a4d-b0b1-660ff2548ee8,Shannon Reeves,32,Lake Danielport,2024-02-03,0,56,2959.192142857143,0,0,0.0
756ce831-137b-4956-832a-617c335aed71,Dr. Kendra Bryan,70,Angelaland,2025-01-12,0,96,2491.045312499999,3,0,0.0
c0965038-b12a-4bb6-8483-7af0438de44a,Erin Wells,19,Port Emilyborough,2024-02-20,0,31,2580.634516129033,12,0,0.0
3354f9f3-f69f-4e16-908c-15315ed3f016,Brandon Mack,42,Rebeccatown,2025-09-06,0,67,2636.1094029850738,5,0,0.0
67a9d9e3-dbf4-4550-8360-1d083680d678,Christopher Valencia,30,Lake Christopher,2025-07-25,0,88,2607.7020454545445,1,0,0.0
4f54370e-0945-4541-b09d-f00c2b990a3e,Patrick Johnson,35,Willismouth,2024-09-09,0,81,2556.2639506172836,1,0,0.0
559bb739-f7b9-4a2e-ba7a-ff462d8f1dc4,Sarah Foster,54,North Robertfurt,2025-08-19,0,29,2371.1848275862076,11,0,0.0
e4eec582-118b-47be-ab40-1e45c78e0864,Mark Gonzalez,21,Rogermouth,2025-07-08,1,2,4625.32,34,1,1.0
a02def77-9f03-4acb-ad6f-230d7ca5b504,Mark Hudson,54,North Masonburgh,2024-11-06,0,50,2922.3666000000007,6,0,0.0
a8dcf68a-1e0c-4ee4-b28e-bddbb40a7766,Richard Mercer,57,Port Jennifer,2025-07-29,0,34,2775.5344117647064,0,0,0.0
825e9969-e1e0-4a5e-88d6-b530c5b25ca0,Jasmine Brown,73,Walkerchester,2024-12-20,0,61,2333.4898360655743,2,0,0.0
a626da45-9d03-4fbd-9189-b20c717e49c7,Jose Riley,65,Lake Katherine,2024-12-12,0,27,2458.5118518518516,7,0,0.0
4b4edf6f-c76f-4a9f-bc53-5476767f3cf0,David Wagner,22,Bettyport,2025-06-28,1,5,2985.132,41,1,1.0
5c91ed5c-4d41-4ebc-8e89-c498d147687a,Matthew Stanley,32,Jocelynborough,2024-04-08,0,77,2610.0790909090915,0,0,0.0
01946ef1-fe3f-40f0-b39b-9c98cc6ed462,Beverly Reynolds,58,Lake Michaelbury,2024-05-13,0,72,2487.9766666666674,0,0,0.0
b2a4a65d-e207-4359-83d6-890043544031,Elizabeth Walker,27,West Stephenborough,2024-01-31,0,58,2318.495344827586,8,0,0.0
30e1bf43-beae-4aed-9149-cce712064a63,Carrie Norman,50,East Melissaland,2025-06-22,1,1,632.13,66,1,1.0
23d5bd16-2b72-4b44-9122-b726c12c93c8,Tracy Reed,32,Harrismouth,2025-07-01,0,75,2478.9571999999994,1,0,0.0
43fed529-40f5-4d95-8c69-a82f814cc228,Aaron White,74,Sherrytown,2025-05-31,0,49,2573.6967346938773,5,0,0.0
7c35595a-ba0e-4dc6-9152-eed6877c459e,Robert Reed,31,Cookview,2024-10-29,1,5,2557.9480000000003,73,1,1.0
d5d3a4a1-a392-42b9-9420-dcfb21c27070,Katrina Barber,51,South Krista,2025-03-05,0,74,2757.420270270271,1,0,0.0
19d3c971-008c-42a2-b70e-5745a8e70fdf,Brandon Stark,74,Port Carlos,2025-03-29,1,2,2103.27,87,1,1.0
686543cc-612c-4d38-9cd8-a3c10b10f884,Diamond Alexander,72,South Ronald,2025-09-05,0,44,2503.518863636363,10,0,0.0
ab062de7-873b-4b93-8711-6990b2e54fc6,James Smith,37,South Amy,2024-02-28,1,2,941.41,49,1,1.0
0db0e379-a6ce-49a8-8b8c-2e489587c44f,Corey Adams,65,Wilsonfurt,2023-12-27,0,83,2245.3724096385545,4,0,0.0
12c9bf00-6f76-4ebc-bc51-3d6205ef237a,Jimmy Anderson,25,Lake Stephanie,2025-02-20,0,49,2612.7804081632657,2,0,0.0
34be02e4-da88-4fb6-bf49-d465a45f5a2e,Jake Monroe,26,East Brenda,2024-11-13,1,1,506.23,160,1,1.0
de090d33-80ba-462b-9664-586edac38828,Brandy Williams,69,North David,2024-12-04,0,56,2499.5833928571424,1,0,0.0
ae7edaf7-ec4f-441a-8add-42e3f63904c4,Kristen Butler,73,Fredbury,2024-06-08,1,4,2296.3925,41,1,1.0
e363a878-9d4c-40fe-9746-337d1c7ea51a,Ricky Barr,32,Sethshire,2025-05-21,0,48,2456.122708333334,4,0,0.0
2fc46ac4-41c8-47d8-8490-8a0ddf3232ca,Abigail Green,50,Richardtown,2024-06-12,0,44,3105.7527272727266,5,0,0.0
3bb13c08-c69d-403f-b1bc-ca54a8c19d73,Claudia Yang,60,Timothyton,2025-02-21,0,38,2311.492368421052,3,0,0.0
16770a00-4880-4e0f-9d48-21a1319eeaa8,Ronald James,53,New Meghan,2025-02-10,0,33,2288.6563636363644,10,0,0.0
2a546bf2-9b21-4e5f-814a-557c29e5eef3,Sean Forbes,33,North Heathermouth,2024-02-20,0,27,2481.6996296296297,10,0,0.0
16b2de2c-e586-47ab-871b-a11be9590845,Dr. Sandra Willis MD,47,East Angelaberg,2025-08-25,0,35,2823.4465714285716,2,0,0.0
0410f099-0901-4b68-a884-33e53dd176ce,Joseph Holloway,36,Joshuatown,2024-09-28,0,91,2631.835604395604,1,0,0.0
0a9b4013-333e-4c2e-9a88-9625ba8be216,Steven Sullivan,62,Brownland,2025-02-08,1,5,3340.0440000000003,56,1,1.0
410c6676-3a3d-497a-adcd-d897fadcc985,Adam Miller,32,Jenningsfort,2024-06-08,0,72,2443.012083333334,2,0,0.0
8c17cec0-d186-41af-9741-a4ebc6c3d4c8,Heather Leach,44,Lake Davidside,2024-11-08,1,5,3183.028,66,1,0.98
da72cf17-141b-463b-91c1-91d4d8842e52,Robert Miles,55,Josephshire,2025-09-29,1,3,3098.4599999999996,92,1,0.99
6580de99-0276-400c-8ae2-d469785085b6,Brenda David,21,East Sarahborough,2025-09-16,0,93,2345.2553763440856,1,0,0.0
cd98bc7e-c390-4cf9-855b-f5bdd7c9e83d,Bianca Hall,63,Port Matthew,2024-06-27,0,30,2797.7376666666664,2,0,0.0
142bbf28-3c30-4354-bc4a-1392815528d7,Gerald Powers,66,Monicashire,2024-02-10,0,25,2443.0051999999996,13,0,0.0
6e96e37c-451d-4ce2-b7c6-ceac00d1284d,Daniel Rodriguez,39,Kimberlymouth,2024-01-05,1,3,3448.273333333333,52,1,1.0
85d50b42-2a9a-43c2-8b4d-b46c231369c2,Danielle Becker,23,Port Angelastad,2024-09-14,0,84,2371.426071428571,2,0,0.0
f163c872-d2bf-4440-8b4d-5b704d0f6d15,David Luna,22,Lake Cherylberg,2024-03-21,1,5,2674.1780000000003,54,1,1.0
fdfa1521-7865-4020-b196-c9fdaff4d2a3,Kristi Harris,41,Port Jennifertown,2025-04-16,0,23,2652.9078260869564,1,0,0.0
c39ec900-6310-4ef5-af4d-2a31dd8b3372,Dawn Anderson,37,North Brittanystad,2025-01-16,0,74,2471.917837837838,1,0,0.0
9305aaf1-aa3e-45cb-a5c1-7e25bfc6c739,Joan Weber,32,Andreaberg,2025-05-13,1,1,1414.83,166,1,1.0
8d77275b-58f9-4778-9727-5e02086b8f14,Christopher Fuentes,72,Brandichester,2024-04-12,1,0,0.0,999,1,1.0
9219305e-d7af-4a2c-9bd5-d0d1b1aaa5fb,Joseph White,42,North Jerry,2024-08-22,1,3,2453.21,31,1,0.99
8df38c22-2d97-4166-a979-44131e38f1c5,Kyle Stanley,39,East Scottstad,2025-07-15,0,62,2650.855967741936,7,0,0.0
66c0d88d-457c-48a8-98e4-4078358806b5,Adam Mcmillan,30,North Ericatown,2024-05-28,0,95,2652.4453684210534,1,0,0.0
a5d7a7ec-15f3-4c48-84e3-2c968ea396f9,Amy Robinson,69,Ryanbury,2024-10-03,0,24,2311.1875000000005,1,0,0.0
6a3442d4-a729-47de-a0eb-3a5269d1875d,Karen Goodwin,48,Heathermouth,2025-08-21,0,63,2672.132857142856,2,0,0.0
8cde88b0-0afa-42d6-8698-a4d858646a46,Vicki Meyer,18,North Rebeccaborough,2024-08-14,0,38,2608.4263157894734,1,0,0.0
52b05614-2e11-41b4-a554-04653441eaec,Morgan Barnes,18,Johnsonburgh,2024-04-17,1,1,1318.82,157,1,1.0
069a8d79-7c79-443e-becc-370632794802,Sandra Anderson,74,Mccormicktown,2024-06-08,0,55,2565.3005454545446,2,0,0.0
408c690b-3cf1-4365-82b6-a0d4600fbb80,Anthony Taylor,31,North Mirandaland,2024-03-26,0,69,2397.338405797101,2,0,0.0
17959893-d6eb-492b-90f5-2f1b1093da14,Anna Gallegos,60,Andrewshire,2025-04-13,1,4,2188.66,69,1,1.0
0038ca7a-c3e1-432c-b5fb-51faa51e7103,Michael Johnson,69,Melindafurt,2025-06-28,0,36,2291.646388888888,10,0,0.0
44b78bb1-512d-4497-a887-e950d49fd52f,Cody Reyes,28,Bookerside,2025-10-27,1,3,3100.4566666666665,77,1,0.99
cc915d72-a588-4465-88ac-d16805c4c0a2,Susan Perez,39,North Nancy,2024-12-01,0,100,2205.4057,1,0,0.0
27408034-8a0a-42e1-b44d-3149276a7cf8,Ralph Ortega,21,Catherineport,2025-09-08,0,23,2557.7182608695653,14,0,0.0
0112c186-868d-465c-8e74-833d4b74905c,Catherine Cole,34,New Michael,2025-04-04,1,4,2536.9,38,1,1.0
bb1ff116-51e4-4459-87df-93e33278721a,Scott Hernandez,70,Watsonside,2025-06-04,0,81,2256.447901234568,9,0,0.0
6ae6b223-5f46-4a83-b8fb-4cac0a31c697,Erica Ortiz,53,Hendersonhaven,2025-10-30,0,21,2560.9328571428578,8,0,0.0
bb667949-77bf-4842-8c59-3fef43aa656a,Anna Smith,65,Lake Richard,2025-11-21,0,72,2741.6704166666664,1,0,0.0
eea7edcb-d1c8-404f-b220-c60453cf1826,Tammie Herring,73,North Luisview,2024-10-17,0,77,2506.7518181818186,0,0,0.0
5fee8ae8-a5a9-41cd-8641-8d6703aa7523,Teresa Wilson,35,Katelynburgh,2025-06-22,0,83,2281.489518072288,0,0,0.0
8cad4133-21af-4dbf-92c8-659518773c2f,Debra Pena,34,Lake Allisonview,2024-05-23,1,3,858.2833333333333,82,1,1.0
f1b0c7e4-fb7a-4502-a4e2-1dadb3df28ac,Michelle Fuller,23,East Jennifer,2025-03-03,1,3,2316.4333333333334,71,1,1.0
5836278d-b01d-49b5-9e5f-4c9491e1bc85,Sandra Hines,66,West Tricia,2025-10-25,1,1,2146.88,164,1,1.0
310d3dc9-59cd-4684-ab58-5ae8836d1948,Curtis Hendricks,42,Maryberg,2024-05-25,0,92,2442.941413043479,3,0,0.0
fb245c65-c41e-4b6f-9c19-0e8c9e6c6a0c,Lisa Cruz,60,Weaverborough,2025-05-04,0,43,2494.331860465116,5,0,0.0
70ec010a-6c75-4c90-b10c-58229ca10ac8,Elizabeth Reynolds,31,Philiphaven,2024-04-24,1,1,1715.95,37,1,0.99
00237fa9-3abc-4e9e-ab5f-9465f0525889,Jason Warren,43,East Travis,2024-03-21,0,43,2397.856046511629,0,0,0.0
7abb9cf2-b2dc-4ed5-b6a8-f4121d3259d0,Benjamin Bush,21,Millsburgh,2025-10-23,0,86,2470.9687209302324,0,0,0.0
6b388623-9336-4fa0-b919-0ed68f6573a3,Nicole Brown,35,Jackside,2024-06-14,0,83,2301.47156626506,3,0,0.0
bb9cf94f-749d-47e5-bbb5-3ed3709e6b61,Sarah Ferguson,33,South Robertmouth,2024-12-16,0,91,2500.5771428571425,3,0,0.0
6a19df0d-8266-4208-b995-ef21fe698659,Mary Curtis,36,Port Brandi,2024-04-29,0,61,2229.3049180327876,1,0,0.0
8e238c41-9356-4e03-a505-a2731c49afdc,Michelle Boyer,65,Michaelmouth,2025-02-02,1,3,514.2833333333333,61,1,1.0
ebcb3666-a60f-484c-b0d5-7971184fbe42,Mallory Parker,25,North Benjaminhaven,2024-05-23,0,48,2553.252708333334,2,0,0.0
3b1ed156-8f2f-4139-b595-1eeb86116ab5,Haley Gilmore,30,Reidhaven,2024-09-04,0,93,2443.2615053763448,1,0,0.0
544f6e32-8545-4072-844b-e9f09ba7d818,Lindsey Mays,59,West Robert,2025-07-28,0,87,2473.9556321839077,1,0,0.0
30eb0acf-a780-44d3-bebd-a15ee9f6f390,George Calderon,59,Frazierfort,2024-11-06,0,73,2572.2461643835613,1,0,0.0
2dfc6c16-4c8e-4d94-8c7e-d347d6d7c5b5,Craig Johnson,71,New James,2024-07-09,1,5,2035.4080000000001,45,1,1.0
e0a0dbca-6c20-42c1-9f0d-f339fa1bff28,Benjamin Bonilla,53,Griffinfurt,2024-12-07,0,55,2759.698363636363,6,0,0.0
9b16c47f-6d9e-4df7-9b36-13be155b5c9d,Maria French,24,Margaretview,2024-05-17,0,54,2400.979074074074,3,0,0.0
0bde46bb-911a-4969-9dc6-c536021d7856,John Jones,31,Timothyberg,2025-11-16,0,91,2517.202307692308,0,0,0.0
3e7192b6-f071-4686-b31e-e6f693a5618a,William King,27,North Mike,2025-02-14,0,54,2346.0666666666666,5,0,0.0
aa331129-47a5-48b0-b068-e4e5f19de0ac,Troy Mays,60,Vargasfurt,2025-02-17,0,60,2647.028,2,0,0.0
955e4d2b-3f11-4d26-9b9d-2c066c484f5e,Mckenzie Doyle,22,Port Rachael,2024-11-04,0,98,2733.2385714285715,4,0,0.0
5e2e7a23-4dc7-45c6-adb6-e38d08f67bab,Erica Price,45,Sarahaven,2024-03-09,0,70,2689.029714285715,5,0,0.0
26b3d5e8-6eed-4e85-b19d-543e01296794,Lori Wade,44,Lake Sherry,2025-06-13,1,2,2273.92,49,1,1.0
16f79b37-7b33-4c96-a97c-9a2a5ec1f1ed,Megan Mitchell,69,East Laurenbury,2025-04-11,0,25,3046.7156,5,0,0.02
23991b4f-fb69-455a-bb1b-48668288510d,Claudia Robbins,22,Davidview,2024-04-13,0,62,2755.788064516128,1,0,0.0
1b5b28e8-1edd-4d0f-a53d-770a65b7d203,John Robinson,22,Andrewfort,2024-03-02,0,98,2459.4126530612243,1,0,0.0
7bcc9ea3-e34c-4b71-9d5c-a3d09bf93678,Shelia Burnett,22,New Robertshire,2024-03-03,0,62,2458.1361290322584,9,0,0.0
f846d6e0-9f79-4962-9cd3-ae68ba720d31,John Jackson,43,Williamsberg,2024-12-08,0,40,2410.447,8,0,0.0
f5c9089d-81f0-47aa-aba6-38d6763de36a,Dale Myers,40,Spencerfort,2024-09-20,0,23,2409.5517391304347,2,0,0.0
5e4edb33-ee08-4872-a3df-391365f9f149,Rebecca Davis,36,Rebeccatown,2025-02-13,0,41,2823.7365853658534,2,0,0.0
14851207-726a-46ef-b0ff-71d007a465ae,Frank Logan,69,New Amy,2025-01-25,0,81,2479.590617283952,2,0,0.0
7008a76e-755e-42dc-875e-27adff4c1902,Randy Bates,26,East Seanborough,2025-01-03,0,36,2159.552222222222,3,0,0.0
0f69db48-b8b7-4b2c-8ade-a75ca0d0ad60,Megan Tucker DDS,50,Josephmouth,2025-02-25,0,29,2777.529310344828,1,0,0.0
955a0506-ffd9-41ee-971b-33178523efa0,Karen Robinson,65,Williamton,2024-06-19,1,2,1863.9299999999998,82,1,1.0
dffd8e53-b4b8-4ce8-8f4a-4338e0752f63,Margaret Stokes,68,Lake Antonio,2024-11-28,0,91,2654.161318681319,1,0,0.0
ca5140cf-01cd-48de-913d-4c24041c71a5,Richard Miller,46,Crawfordhaven,2025-08-10,0,50,2417.3058,2,0,0.0
64e9c4c2-015b-4eca-9016-7112f66cde25,William Wilkinson,21,Karenshire,2025-11-27,0,56,2224.9341071428566,1,0,0.0
a6d3ed2e-7886-4357-97fb-275d2b13e3e4,Kevin Villegas,59,Sandraport,2024-07-28,1,1,1519.73,115,1,1.0
7e839fb1-773e-4187-9743-8fb809dc8265,Jennifer Frye,26,Port Brittany,2025-04-19,0,63,2346.743968253968,3,0,0.0
c64b61a8-27c7-4b23-bf55-f5517f951747,Christina Terry,26,Marcburgh,2024-11-16,1,3,2211.8633333333332,66,1,1.0
450b1f21-4492-4dd8-afed-02ac62c8f3d6,Kelly Romero,70,South Brianchester,2024-03-03,0,28,2591.9296428571424,0,0,0.0
71c1c92f-72f6-4760-9bdd-60bfc5d1df67,James Green,26,New Jonathanberg,2024-01-31,0,58,2550.0796551724134,3,0,0.0
76be2cde-31ff-4956-8f5c-0fd4df06eab6,Wendy Johnson,69,Shannonview,2025-06-21,0,70,2404.0414285714282,2,0,0.0
e695b08c-320c-46bb-ab83-d5cefa6753de,Drew Lozano,71,East Kristen,2025-10-31,0,60,2234.1953333333327,4,0,0.01
20db9d13-ef1d-4321-8a20-d822dec2e6f0,Heather Webb,51,Sylviamouth,2025-07-26,0,30,2416.7073333333337,3,0,0.0
8e21815e-da15-46dd-9a0b-f8a0cb9a6774,Robert Navarro,39,Matthewsmouth,2025-04-29,0,71,2308.0588732394367,1,0,0.0
fca3e41f-ae4c-435c-9deb-d65ea0cffa4d,Stephanie Hanson,70,East Robert,2024-10-25,1,5,1476.718,44,1,1.0
5e23e687-4625-4e59-a96b-441449d4cec5,Amanda Coleman,28,Ryanside,2023-12-17,0,50,2527.534,1,0,0.0
2f0f2329-5e07-4900-a385-cd95f510498a,Cheryl Aguilar,18,Lopezmouth,2025-06-12,1,3,2909.4966666666664,65,1,1.0
8c37ed54-13ab-45c9-ad4b-9a8e8c599cad,Laura Green,48,Michelleborough,2024-05-12,0,76,2453.417368421053,2,0,0.0
639770f5-019a-441c-9247-8697e5d3ad96,Frank Ruiz,70,Jamiemouth,2025-09-22,1,2,1900.815,73,1,1.0
a6dc7ee0-16d8-4a5d-960f-086386c688a7,Renee Lopez,58,Martinezhaven,2025-11-30,0,46,2225.8058695652176,16,0,0.0
375f4d66-707f-4745-8098-f392c6b9a378,George Adams,32,North Emily,2024-01-11,0,76,2310.8509210526313,1,0,0.0
925bf4ee-4acc-4abc-aacd-ceef4243689b,Peter Powell,19,Lake Josephchester,2025-03-28,0,79,2381.73075949367,8,0,0.0
150d2bbc-230a-4672-97b5-dd7facde09ec,Lindsey Wright,74,West Kristine,2024-08-15,0,71,2609.0514084507035,6,0,0.0
3847b0bf-4970-484d-ab87-c8c8b4ae891b,Ms. Suzanne Lawrence,19,West Carltown,2025-05-11,1,3,750.5633333333334,65,1,1.0
d9d7ce66-3dc4-4007-9172-f094d1f0beab,Collin Malone,72,North Aliciafort,2024-06-19,0,21,2358.43,24,0,0.0
10961551-f7dd-446e-9483-8412ea02d95c,Diana Gardner,37,Davisview,2025-08-07,0,70,2651.5102857142856,0,0,0.0
f7cbadf8-4925-4d5e-8cac-599c00805322,Paul Walker,56,Stonestad,2025-06-25,0,56,2454.633750000001,2,0,0.0
aa7ca618-00ec-4230-a534-903b9124f62d,Carolyn Graham,60,Ritaburgh,2024-09-07,0,31,2279.6896774193547,0,0,0.0
b3c702bd-c57e-4e50-82c6-8185239e8448,Jennifer Chen,27,Thomaston,2025-11-30,0,22,2414.9963636363636,11,0,0.0
f56fa434-68ea-43a2-87f0-ebd84ca0f1e5,Renee Wood DVM,18,Amyshire,2025-12-07,0,75,2662.432933333334,3,0,0.0
ca9f03ab-d41f-4ffd-ad0e-33dc326091b4,Timothy Molina,56,Lake Selena,2024-03-03,0,43,2506.5804651162794,4,0,0.0
4edfec00-3681-4d99-9f39-0d7306b123e0,Gregory Beck,44,Yolandachester,2025-09-15,0,32,2234.0159375,9,0,0.01
7afa0c10-72e9-42be-bbff-a345adda61c2,Mark Li,38,South Kevin,2024-02-22,0,60,2100.6845,0,0,0.0
7a3cb896-0bd8-4b86-ab1d-226acdb0e792,David Howell,45,Josephton,2025-08-03,0,37,1829.1037837837837,6,0,0.06
ecc4ac4f-794b-423a-83a9-9b8453110827,Carl Medina,23,New Benjamin,2025-08-29,0,88,2481.178409090909,13,0,0.0
7bde0abe-e233-459d-bdcc-f094881726fa,Mike Blair,42,North Mariah,2025-03-22,0,47,2401.7110638297872,2,0,0.0
2ed6846d-bc72-46f6-b7c7-2c8f16f0d1af,Daniel Ramirez,46,North Brianstad,2024-01-22,0,69,2626.43956521739,1,0,0.0
41c9f681-806c-4c4b-a6e2-d52ca9c7b1da,Carolyn Murphy,68,Brianland,2024-01-23,0,69,2284.7108695652178,1,0,0.0
3cb05dcd-12ae-45dd-9109-3cd562979d9f,Mrs. Melissa Black,31,Danielborough,2025-10-02,0,72,2539.5551388888894,0,0,0.0
7b03cf1d-4aac-4477-b512-1745030f0abe,Matthew Nash,75,Lake Brandon,2025-09-29,0,48,2486.144999999999,2,0,0.0
90f92112-bf3c-423a-adc1-985881350a2b,Jason Richardson,47,New Gabriel,2025-08-25,0,40,2343.47775,9,0,0.0
be275121-00b8-4ad1-ba73-f298130d9c0d,Steven Green,58,West Lee,2025-07-12,0,34,2548.9967647058825,14,0,0.0
7b915939-4ca2-4939-9bbd-17e18173e064,Brandy Boyer,31,Port Mark,2024-02-16,0,44,2559.504772727273,2,0,0.0
825f9fff-f394-49e9-8b6d-00049ac83b0c,Stephen Smith,45,Port Nathanmouth,2025-11-01,0,45,2833.2808888888894,3,0,0.0
f9ac3ecb-f0c0-4a4c-9dc6-fe463f68cda4,Joshua Carpenter,53,Lake Edwardtown,2025-05-09,0,73,2448.362602739726,0,0,0.0
414f6a01-0eee-4ee9-9eff-68f5558aaa0e,Cody Miller,75,Kennethfort,2024-11-04,1,3,1456.6833333333332,31,1,1.0
9802d09e-7371-488b-9808-c371fc9c5ae4,Tracy Brown,71,Paulaburgh,2025-07-19,0,91,2554.614615384615,1,0,0.0
2edaa328-4ad5-4879-8951-c557a6eb846a,Alison Gutierrez,57,Leeland,2025-09-13,0,62,2547.7991935483865,4,0,0.0
62711be2-740f-4a13-b6f1-82b3b68a1e9d,George Browning,54,East Connorshire,2025-05-27,0,30,2732.983333333334,1,0,0.0
e08f5fc8-8b02-481d-b80f-f940034106c9,Joy Russo,43,Lisaborough,2024-03-07,0,35,2847.106,1,0,0.0
38271b71-d415-49bd-be9a-1301e07ffcbb,Kristy Thompson,46,Johnnyburgh,2024-05-17,0,40,2362.5835000000006,7,0,0.0
f5230d9f-d0ef-4cce-b732-b1339df55f7a,Caitlin Hernandez,68,Port Christina,2023-12-31,0,79,2646.3102531645577,4,0,0.0
210c3f42-f513-49a7-a58d-0eb39b75d69d,Christina Richardson,27,New Kenneth,2025-02-17,1,2,1799.505,87,1,1.0
424b9982-6213-42f3-9fde-37452cac95a1,Brandon Malone,69,Clementsmouth,2025-09-23,0,33,2340.883939393939,10,0,0.0
4d77f913-7a67-4800-b2b8-5a2467052253,Holly Brown,24,Barbaraborough,2025-07-10,0,63,2610.1774603174613,0,0,0.0
6d6cd03c-b82c-45d3-b6cf-b51d6cb81781,Eric Terry,38,Benjaminhaven,2024-05-11,0,36,2821.1916666666675,0,0,0.0
8c31b6e5-e662-4b2f-800c-0f9f5c85e9c4,Michael Hunt,40,Lake Tiffany,2025-02-11,0,75,2737.6778666666664,1,0,0.0
48366bc9-ba92-4775-9aff-ed00b9fd8c34,Sherry Campbell,35,Lake Timothyborough,2024-09-23,0,58,2408.8925862068963,6,0,0.0
69e919d1-0b21-4127-b7ce-a57c93d394a7,Shirley Roberts,34,New Daniel,2025-07-10,0,87,2500.509885057472,1,0,0.0
514cfac5-fcca-410e-8717-d43342222889,Sara Morgan,39,Kristinestad,2024-07-28,1,0,0.0,999,1,1.0
8d48629b-c1cf-4b87-af29-9c7ffb37d198,Joseph Stanton,68,Lake Wesleyberg,2025-08-22,0,72,2370.0111111111114,2,0,0.0
3af89ffd-22a8-4a17-9732-734522182675,Randall Logan,40,Lake Katherinestad,2024-06-16,1,3,1867.7300000000002,64,1,1.0
7a5249fa-0a34-4281-9a56-e4a11b456cd0,John Potter,50,South Valerie,2024-09-11,1,0,0.0,999,1,1.0
c88ce671-5c77-4940-a5ed-ce101dff04b2,Rebecca Knight,54,Ronaldberg,2024-09-30,0,33,2402.7206060606063,7,0,0.0
3f8aee4f-8e0c-4b50-8267-b3e93ac9af81,Jacob Harding,25,West Blake,2024-05-23,0,92,2376.147608695651,0,0,0.0
ec0efd62-dc8a-416d-8e4b-4546deb85193,Lindsay Hughes,52,Williemouth,2024-01-07,0,63,2572.206507936509,1,0,0.0
8d8cba06-4348-4617-9579-d3d0a953cfca,John Perry,75,South Jennifer,2025-06-08,0,61,2692.9496721311475,1,0,0.0
c0118f2f-334f-4119-bae9-2a0d9277fc3e,William Kelly,70,Martintown,2024-07-21,0,53,2477.2547169811314,5,0,0.0
b4e7507b-12f7-4501-bf6b-ac38b796805d,Michelle Frazier,31,Alexanderside,2024-07-10,0,22,1711.7668181818187,15,0,0.04
9e3399fb-c1ee-4e50-9c98-47d266224497,Nicole Cruz,34,North Alexischester,2025-03-26,1,0,0.0,999,1,1.0
4957e50b-5326-4ddb-9efc-73ab7c5434c2,Brian Smith,36,East Ryan,2025-03-29,0,96,2357.731875,1,0,0.0
1ec460d8-afba-4b8b-83dd-fc26367820c2,Michael Rodriguez,75,West Andreashire,2024-12-11,1,5,2029.878,31,1,1.0
3a5bc530-0a53-428f-8ea6-1b9cb759dace,Jennifer Barker,27,Parsonston,2024-12-05,1,5,3059.5739999999996,56,1,1.0
ed37987b-06c0-401c-8fdb-50a34982b742,Brenda Campbell,30,Port Megan,2024-08-28,0,47,2729.9074468085105,1,0,0.0
3d8c1512-b531-473e-933c-8ba01caa067b,Colton Martinez,69,Davisstad,2025-04-20,0,52,2632.185961538461,6,0,0.0
9d216883-7bf0-4fc9-8816-4465e5a9f98f,Robert Cohen,59,Kellyton,2025-09-26,0,82,2479.899634146341,2,0,0.0
5b700466-51ef-4dc5-8f91-30d894b2d3fe,Michelle Myers,28,North Billyside,2024-08-25,0,81,2666.605802469136,3,0,0.0
343ca8da-9859-442e-8509-03597e245f3e,Joshua Faulkner,65,Andersonhaven,2025-02-10,1,5,1163.9319999999998,69,1,1.0
13f5f313-82fa-4003-a16d-130b961cd731,Kimberly Irwin,56,West Shawn,2025-09-04,0,48,2324.1931250000002,10,0,0.0
eda1ca32-6938-4a38-8ce9-7d08ded80c71,Roy Ayala DVM,48,North Latoyaberg,2024-12-16,0,91,2719.7104395604397,1,0,0.0
ddb20ce2-dae1-4bce-befe-17e93bd2f45a,David Morrison,68,Stewartburgh,2024-01-12,0,65,2432.194615384616,1,0,0.0
7ed82971-e3a0-446f-b665-3eafbbfd8783,Crystal Garcia,48,Port Laurenchester,2025-10-08,0,85,2369.32305882353,1,0,0.0
a1b87184-2976-4631-bfe7-fffce4eb6518,Julia Hall,33,North Jennifer,2024-08-10,0,52,2440.531923076923,1,0,0.0
91ca2c33-1f9e-437e-b4ee-142dc29ffc0a,Walter Whitaker,20,Jameshaven,2025-04-19,0,27,2749.488518518518,2,0,0.0
04626346-8b9c-44eb-99aa-f42c687f4786,Ricky Freeman,63,North John,2024-04-29,1,5,2635.704,58,1,1.0
7aa8a150-b1bb-4a8b-a578-0e7b177755f8,Donna Vaughan,25,Jonathanside,2025-02-11,1,5,1848.2759999999998,52,1,1.0
80e410aa-74be-4bcf-961f-4889a601efd8,Cassandra Steele,26,Nicholasland,2024-02-06,1,5,3098.564,48,1,0.99
ba6ce12c-e8db-4255-8af2-6ea99b00febe,Tiffany Willis,48,North Lisa,2024-09-24,0,33,2534.416666666666,20,0,0.0
d65fedd9-d73a-4edc-b8fc-a0cf071720c5,Megan Tyler,47,West Stevenborough,2025-08-30,0,30,2490.931333333334,11,0,0.0
b856c046-ce51-4938-ba37-ccd8d3dbe0c0,Joseph Garcia,70,Lake Julianhaven,2025-03-31,0,37,2462.3940540540534,5,0,0.0
6645686c-4244-4070-9476-79f2ad69388e,Brenda Mendoza,35,Schmidtview,2025-11-25,0,70,2239.909142857143,1,0,0.0
efafe19c-b439-4b44-b531-63fde8ed5f61,Jeffrey Pruitt,58,East Joseton,2025-07-13,1,1,3977.74,167,1,1.0
c817a02c-1072-40bb-9f88-8f9800596006,Diana Johnson,43,Port Hannah,2025-09-15,0,50,2456.3236,0,0,0.0
7e5d019a-039a-4fb1-ae9a-8e712a944c90,Philip Dominguez,35,Aliciastad,2025-04-05,0,74,2574.1013513513517,4,0,0.0
a44f4748-e3ef-45c6-8d2e-3df3e79cecc5,Marcus Cooper,75,Sharonbury,2025-11-23,0,25,1881.4532000000006,9,0,0.06
6f7a36b6-e1c8-4245-9f1f-0777db9f204e,Craig Gonzales,23,Lake Amandaview,2025-10-04,1,4,1969.7900000000002,55,1,1.0
e6ff28fe-d77d-4454-a793-ed284aefb0d3,Patricia Fischer,56,Lake Richard,2024-01-10,0,86,2420.736162790697,1,0,0.0
1463d615-f0a3-4a2d-b03f-c439c7aa78f4,Thomas Davis,60,Shanemouth,2025-04-21,0,31,2400.0525806451606,3,0,0.0
9f760be8-11cb-4b36-ae00-582dc3f13eec,Yvonne Jordan,48,Ellisside,2025-04-20,1,4,2740.48,37,1,1.0
ca71ff69-cb2e-4544-99b2-e5480cee8d20,Steven Horton,27,Lake Jorgeshire,2024-06-23,0,87,2501.1735632183913,5,0,0.0
f56771ed-fdf0-4f99-a857-6b29f671d552,Teresa Patterson,53,Port Graceberg,2025-06-03,0,100,2547.8384,6,0,0.0
d88cec72-2375-4a64-ad46-5338494905cd,Ryan Osborn,27,Jessicaburgh,2024-12-26,0,89,2307.249438202248,0,0,0.0
86970579-c44e-4be0-ad53-c1a35147564d,Amanda Hicks,68,Rodriguezhaven,2024-03-30,0,95,2605.082421052633,1,0,0.0
31165f9d-a1cf-44f5-87d3-f4be0d4c5d93,Kayla Johnson MD,29,West Christopher,2023-12-25,0,73,2481.5171232876723,3,0,0.0
0d08d706-3db5-4d72-bb49-6f85cf103ec9,Jamie Thomas MD,69,Lake Sandrashire,2025-08-08,0,58,2424.1262068965525,5,0,0.0
ee857416-8e88-4362-aac0-aad7b8e97bcf,Brian Walker,27,West Pamelaside,2024-02-23,0,64,2434.1245312500005,2,0,0.0
82aa86f8-c70e-4dab-82ad-0af542c4a2ff,Charles Cantrell,64,North Nicole,2024-06-30,0,91,2317.783406593406,1,0,0.0
b08b3e69-10de-48da-9257-fa9806a0772b,Thomas Benjamin,37,Andrewtown,2024-08-26,1,2,4565.625,81,1,1.0
f71e3802-cb70-495d-a5fa-641abe076cb5,Joseph Richards,53,Port Kyleberg,2025-10-22,1,4,2530.4125,56,1,1.0
cdac3f1d-8269-4639-9232-1dbbf51fe278,Johnny Harrington,66,Jenniferberg,2025-08-12,0,31,1997.8587096774193,6,0,0.02
3208588e-67ad-4538-87d7-8fb9dac9ee16,Mario Mcmahon,68,Brookehaven,2025-06-01,0,51,2041.2537254901963,2,0,0.03
8ed4002b-80c4-45e1-8ee4-dcb3c70314cd,Joanna Stewart,52,East Alexandra,2024-07-30,0,20,2261.7905,21,0,0.0
19facd04-bd7b-495b-9ef5-f900e48d117a,Kristy Bradley,22,Wilsontown,2024-03-19,0,52,2606.6034615384615,7,0,0.0
7187bf38-5e0d-4600-bf0c-9a8e9f3403b1,Michael Johnson,27,West Davidchester,2024-09-22,0,75,2271.548,2,0,0.0
bbfb4593-f7f0-4cd0-8a02-f5e82e04eff3,Eric Flowers,41,South Erikaville,2025-10-15,0,23,2920.2482608695655,8,0,0.0
60c21d74-c0fb-44a9-88d6-831fc1a6769a,Michael Liu,37,Smithland,2024-11-12,0,84,2299.190119047619,1,0,0.0
e4f33a4c-8aa8-429a-81ff-255d42004abb,Stanley Compton,35,Michaelborough,2024-06-08,0,49,2378.1448979591837,1,0,0.0
28bf8a70-3b26-4d63-8833-7868fb2048df,Margaret Jackson,22,Kyleport,2024-11-11,0,75,2646.010666666666,6,0,0.0
43bf9fcc-6fd4-4ebb-b0e4-dee9717e98e0,Travis Arnold,67,South Royburgh,2025-03-04,0,69,2897.886666666667,0,0,0.0
33c063e9-52f0-44e2-b0bf-53615ac6130f,Mary Franco,73,Campbellbury,2024-08-09,0,69,2366.0375362318823,3,0,0.0
57c2a6c7-e942-4b85-95a7-e9285a97bad8,Anna Wright,52,Henrymouth,2024-09-12,0,71,2638.311549295774,3,0,0.0
e6745f6c-a158-4121-8eba-7c2ea83037de,Stephanie Wallace,49,Hartmanstad,2024-06-21,1,2,2872.29,112,1,1.0
30484b2f-1819-43d1-85be-b06499108bee,Billy Thomas,25,Louisport,2025-05-30,0,90,2452.7854444444442,2,0,0.0
4e3b34d2-5898-4cd5-8050-9f3f393b97f0,Samantha Carrillo,43,Martinezhaven,2024-06-28,1,4,3264.4300000000003,44,1,1.0
5a7a3b16-0b2a-4656-bb15-7ed0f0ef3dba,Joseph Johnston,44,West Kathrynfort,2024-09-10,0,68,2509.956911764706,3,0,0.0
6a9c05b2-642a-4e1b-8d64-7c8beaf60c4b,Stephanie Snyder,40,Lake Alyssaview,2025-10-24,0,96,2701.9605208333337,3,0,0.0
f2e49cae-9a17-4fc1-a4ee-7cd1780d23e5,James Good,43,South Georgeberg,2025-05-09,0,36,2802.246666666667,9,0,0.0
dea2ae2f-349f-4b65-ac55-46c53c53c54d,Tammy Pena,68,West Kristin,2025-08-17,0,51,2362.1503921568624,1,0,0.0
cfce78cf-ffe9-4226-aeae-93757320ee94,Thomas Harris,50,Sheilafort,2025-08-24,0,72,2676.11875,0,0,0.0
66b270d7-5f9c-4690-926a-0b64fd0feb4e,Caleb Mata,63,Macdonaldton,2025-06-01,0,48,2396.6150000000007,3,0,0.0
d71005d9-615c-4673-b8a5-d51858586a53,Nicole Cox,69,North Stephenville,2024-04-01,0,40,2234.3637499999995,2,0,0.01
1f757cb9-e73e-4adb-b853-eb31e709802a,David Nelson,71,South Kristiview,2025-07-14,0,86,2405.6247674418605,3,0,0.0
41af4cd6-5211-4622-aafe-a95423a0ccb8,Antonio Haynes,48,Port Cindyshire,2024-07-15,0,63,2872.379523809525,3,0,0.01
46969803-0a83-4497-9c4a-e5d9fc8f18cc,Brooke Johnson,64,Emilyside,2024-10-26,0,81,2741.8253086419754,3,0,0.0
3b832b9c-e844-459e-acb3-baf90f99e51f,James Williamson,61,Frankburgh,2025-06-12,0,20,2836.404499999999,4,0,0.0
d036189a-f6d4-4683-b0d6-4bafad926432,Amanda Martin,35,Jillburgh,2024-02-13,0,99,2198.7205050505045,1,0,0.0
a9c5e30d-d651-4ce2-8d00-939a778dcec4,Mark Harris,23,North Amandatown,2024-07-31,0,56,2348.3080357142862,1,0,0.0
35d35365-5439-4c79-98cf-127932a3640d,Cheryl Gonzalez,74,East Nicoleville,2024-02-06,0,31,2478.772903225807,4,0,0.0
3ca3bdb7-1d24-41a9-8f59-764120d52ca5,Dustin Ramirez,40,Josephland,2024-07-10,0,57,2375.7080701754385,3,0,0.0
1e347678-33a5-4b9f-bb31-782b0ce0339b,Stephen Lambert,38,South Mikefort,2024-11-16,0,34,2904.4088235294116,1,0,0.0
57074c85-f600-497a-a748-19c604b31df5,Connor Long DDS,54,Aaronland,2024-12-25,1,0,0.0,999,1,1.0
a2a48051-b94b-4f1f-95d3-3243c7d9c2a5,Sandra Snyder,53,Joelburgh,2025-01-08,1,5,2230.554,42,1,1.0
13c25554-99be-4683-8eca-70472f47ba33,Anthony Keith,74,North Ericbury,2024-10-14,1,3,2897.153333333333,68,1,1.0
c6f18bf3-ffd7-4d5f-ac21-05cd119ccc14,Melissa Finley,50,West Johnfort,2024-01-27,0,94,2575.247340425532,1,0,0.0
c0da7925-bd13-45ae-87e1-27f7bce5035d,James Ramos,52,New Seth,2024-07-03,0,45,2369.102888888889,2,0,0.0
c6b170ea-55d6-4d18-bc66-4244dff12a36,Justin Roberson,33,Marthaborough,2025-01-15,0,89,2592.505280898876,4,0,0.0
e2a42db1-e7b5-435c-8fc6-55c8df02bc50,Clifford Vasquez,23,North Christopherstad,2024-08-05,1,3,2176.2766666666666,40,1,1.0
dbe90f07-a005-4b05-a5a6-a14305679726,Amy Winters,31,West Daniel,2025-07-13,0,23,2454.068260869565,7,0,0.0
c217792a-7612-44ec-9306-faf687deb301,Tracy Gross,33,South Lisahaven,2025-06-15,0,93,2763.6693548387093,3,0,0.0
37789749-b675-4673-9cd7-ec3ebf4cba85,Jerry Freeman,67,Allisonport,2025-12-04,0,38,2563.106052631578,8,0,0.0
cb541be1-0e08-4b0c-a77c-c4f79a56efb0,Betty Fuller,32,Jerrytown,2024-02-13,0,84,2397.3607142857136,1,0,0.0
36d3828c-a0a5-4bfb-940b-e15065f0894c,Jacob Willis,67,Jakemouth,2024-04-17,0,57,2500.2059649122807,4,0,0.0
e156a2b2-7026-4114-a4e0-63bd30e5e73e,Deanna Mueller,42,Thomasfort,2024-01-17,0,87,2498.4096551724133,0,0,0.0
e2902e64-97e3-4496-8038-d12ef1b4ded1,Joshua Fernandez,54,Andreatown,2024-01-18,1,4,2988.445,94,1,1.0
3da9fcc8-84a6-4c9e-ab0f-12e686318be8,Carl Rubio,72,Port Brianaville,2025-06-04,0,83,2625.712409638553,4,0,0.0
06a0eda5-3bf1-42b0-954d-cd7f446225b9,Amanda Reese,20,North Gabrielaland,2024-06-08,1,2,2369.4500000000003,120,1,1.0
5e43d72b-7329-49d5-8d5c-6c4d6bbac59b,Tammy Phelps,48,East Elizabeth,2025-03-03,0,70,2529.624285714286,3,0,0.0
a7f9d481-8c1d-4353-87ca-6ddab304533d,Susan Bender,33,Ferrellton,2024-11-09,0,39,2265.7146153846147,2,0,0.0
6b6f1487-8230-41d3-9ce2-8e8cd3d26519,Kimberly Robertson,65,Richmondside,2025-08-01,0,56,2683.6498214285707,0,0,0.0
26173630-a980-437b-ae7d-6ce970de3c5f,Sheila Edwards,46,North Crystalmouth,2024-03-05,0,98,2608.2353061224485,3,0,0.0
b0fa07b1-a798-4c36-a239-5303124c1afc,Melissa Goodwin,52,Port Chelseyfort,2024-04-27,0,55,2829.8052727272725,5,0,0.0
9b486474-5e36-4de3-b3f0-cf84ded8c076,Andrea Clark,55,North Jessicamouth,2025-08-26,0,68,2477.687352941177,1,0,0.0
b93966bf-2290-4e58-b217-bd1e1abc004f,Jason Long,64,Melanieton,2025-02-24,0,45,2578.076888888889,0,0,0.0
0e6eb2b1-acd9-413c-87bb-1f97c2b579ce,Renee Ray,67,Tinaton,2025-08-18,0,42,2589.811666666667,8,0,0.0
ceff4dea-b02c-4d9c-9660-d4cfb57b62ad,Michele Turner,61,Lake Jamesfurt,2024-10-21,0,32,2922.7434375000003,3,0,0.0
9c331dec-1d96-46c7-a700-dc7da97a8b44,Ashley Castro DDS,36,East Caleb,2025-04-26,0,81,2702.968148148149,5,0,0.0
12c0bb62-8516-4df6-976e-415d17e99083,Curtis Murphy,59,Kimberlyport,2025-04-03,0,98,2528.912142857143,2,0,0.0
4fb0b49d-dd0e-4fa7-98e2-c9fb7472f153,Steven Schwartz,58,Dawnshire,2025-04-03,1,5,3875.4080000000004,35,1,1.0
32ab32c7-35c0-465f-9e83-40d78338991a,Nicole Sharp,34,Port Mark,2024-04-08,0,100,2722.3179999999998,1,0,0.0
e07f7170-597c-4cbb-9ff2-22d6f6aaff64,Kayla Moon,60,Andrewchester,2024-11-08,0,92,2620.269782608695,4,0,0.0
cddf6a28-95db-4cac-97d3-2a8bb9d85251,Richard Steele,39,Gallagherland,2024-04-07,0,83,2614.9103614457817,1,0,0.0
640b201c-a9e1-4842-97b2-2a94cfb4599c,Edward Norris,52,Port Chad,2024-11-01,0,72,2626.944444444445,1,0,0.0
727fd89c-1dec-4651-8c7c-2ad58e4e63ff,Todd Williamson,27,Kyleview,2024-04-15,0,50,2583.7338,6,0,0.0
da7ce4cb-4864-4322-b802-8cf178562b2d,Anthony Underwood,47,North Elizabethfurt,2025-09-16,0,38,2400.446052631579,19,0,0.0
9144db67-f110-4561-b33b-523a0e7f072c,Mrs. Holly Sanchez DDS,70,New Jamesbury,2025-02-12,0,69,2882.548840579709,4,0,0.0
e070d2d4-75e8-435d-b300-a51aae35c051,Michael Hicks,71,West Jessica,2024-09-24,0,64,2465.624375,1,0,0.0
c6914b63-c053-4e10-a661-cd37b81a243a,Michael Holland,52,East Travisside,2024-05-09,0,39,2517.5384615384614,1,0,0.0
b6448496-bdf6-4cfb-894b-3b7fd68483bd,Jeffrey Barton,35,West Michaeltown,2024-12-24,0,66,2639.0027272727275,1,0,0.0
64ea7403-b993-4656-a43d-59a5b4b19e50,Crystal Long,62,Robertchester,2025-01-10,1,2,2723.205,36,1,1.0
f2cd09f8-32a6-40d2-bda0-807d5c19b79a,Zachary Downs,48,West Destiny,2023-12-17,1,1,4620.01,159,1,1.0
74c51fa9-7004-4d69-94db-e61676618a20,Steven Sanchez,23,Francisburgh,2025-07-16,1,2,1928.995,92,1,1.0
83e97f54-62f9-4d78-b4ab-3cefd180c460,Alan Williams,50,West Grace,2024-09-21,0,95,2281.6717894736844,0,0,0.0
ffba3b0b-c260-4fb8-9f1f-c9eb73167abd,Lindsay Esparza,30,Port Alexanderhaven,2025-06-23,0,65,2566.170923076924,1,0,0.0
013f7aa4-fede-47b5-978e-92ab7137c841,Megan Johnson,37,North Richardtown,2024-12-27,0,50,2104.6806,4,0,0.0
8e12c3c5-a3f6-4be3-8b72-d8b11a1f07a4,Mr. John Rosales,59,Stephensonton,2025-06-15,0,98,2578.4255102040815,4,0,0.0
844da3ea-5f8c-436f-addc-f54ba3cd3022,Timothy Lee,38,Daniellehaven,2024-06-25,0,29,2562.2372413793105,14,0,0.0
76ef4ef5-ca0c-46fb-a24b-2f5dc4b53242,Alex Watson,64,Baldwintown,2025-07-24,0,67,2654.5868656716416,2,0,0.0
e0a7a343-680c-4555-900f-c1e1e61bf1a3,Dana Walker,67,Bookertown,2025-06-13,0,98,2602.0818367346933,2,0,0.0
88d6fcc6-e596-4434-9b19-27a3fd295b53,Carrie Rice,49,Sandrahaven,2025-09-13,0,77,2495.5775324675315,1,0,0.0
f3664727-06dd-4ff0-a5d2-e2b8df78e66c,Christopher Thompson,42,Moorefurt,2025-02-28,0,27,2660.084444444444,6,0,0.0
c93579f8-4d38-49f7-819c-489a23db19b3,Makayla Macias,33,East Kathleenville,2025-10-22,0,72,2594.1662499999998,6,0,0.0
2c3c75bd-56a4-40ad-bd1a-6fb76246320f,Richard Williams,35,Wendymouth,2024-07-27,1,3,3267.023333333333,47,1,1.0
441d6f30-f472-4fdb-b6b2-9884fc3494da,William Cain,41,Lake Jimmy,2025-04-19,0,22,2516.3450000000007,0,0,0.0
671b25af-0416-4b79-a280-11591eb24f9b,Amanda Thomas,20,Donaldview,2025-08-09,0,85,2485.328352941176,1,0,0.0
ed4877c1-60da-4274-9667-8763a9a4adbe,Guy Martinez,36,Port Kevin,2025-06-19,0,76,2739.356842105263,3,0,0.0
d11d2772-1917-4e12-aa21-5dfd49466c96,Erica Scott,57,East Heatherborough,2025-11-26,0,42,2799.0064285714284,7,0,0.0
b4c84d8e-5afc-463e-97ad-37acc9c08b2b,Megan Moore,47,Rogersview,2025-02-23,0,46,2566.970652173913,3,0,0.0
16f20e3a-06f1-44bb-8379-0c6812356f2f,Stacy Lewis,23,West Wayne,2025-06-10,1,0,0.0,999,1,1.0
6a75dd8b-58db-4ee8-934f-23395b55485d,Jose Pearson,47,West Jerrymouth,2024-04-10,0,56,2528.8344642857146,4,0,0.0
734bb406-e8cb-4cd2-89ba-2a9175704bca,Jeremy Miller,41,Cynthiabury,2025-11-06,0,28,2470.4235714285714,8,0,0.0
61d4d469-2e22-4e73-a598-f30751a731b9,Jason Morris,73,North Christophermouth,2024-11-24,0,23,2498.977826086956,14,0,0.0
bb15d76b-1193-4103-b0e7-d91f1e6c0ef2,Elizabeth Cox,25,Lake Lisamouth,2024-11-26,1,3,3151.2000000000003,33,1,0.99
49577c32-e332-4796-bd42-b13f2cacdb80,Isaac Kelley,32,South Ashley,2024-06-09,0,89,2472.5350561797754,3,0,0.0
abbdc8ec-4d08-4df3-b5ee-6f6586dff33b,Kevin Jones,33,Pamelaton,2023-12-29,1,0,0.0,999,1,1.0
ed32079d-4f38-49c5-a657-ac4072d0a51c,Kirk Santos,30,West Tamarafort,2025-10-07,1,1,297.25,152,1,1.0
711e1436-2605-4bec-8d26-67aa89d15349,Anna Gutierrez,75,Lake Travis,2025-03-12,0,59,2567.543898305084,0,0,0.0
8d23f0a4-f8ab-455e-bd06-e66e110c0901,Natalie Goodwin,59,New Jamie,2025-02-11,0,84,2662.781904761904,3,0,0.0
778eeec9-15ed-4e58-904d-1155f13dfc03,Cynthia Woods,48,South Andrea,2025-03-07,0,65,2461.056769230769,0,0,0.0
7bf3a95d-fc8f-4c2e-a629-0fec5b6d765f,Michael Obrien,45,East Davidtown,2024-04-13,0,78,2851.986538461538,2,0,0.0
74bb3e52-df56-49bf-a84e-2424548eb171,Diane Williams,38,West Gwendolynport,2024-08-13,0,74,2529.1477027027026,3,0,0.0
408df5ca-20ab-4f0f-beaf-0732b33abde9,Linda Weaver,48,Joshuabury,2024-01-01,0,35,2257.238,10,0,0.0
a84d372e-4693-4e20-8a63-5d49b965dc52,Daniel Phillips,30,West Edwin,2024-12-11,0,25,2514.4944000000005,2,0,0.0
8ab741e8-6bcf-4872-a1e5-ff2fdade8d7e,Crystal Frank,19,Port Carol,2025-08-04,0,77,2840.787532467532,5,0,0.0
fb87a4ea-ad5f-4c2c-83f8-afd97d8f0fff,Katie Simpson,27,Meganview,2024-06-18,0,94,2354.7454255319153,0,0,0.0
b8a626b5-33f2-4a1c-9808-6c6489461cbe,James Johnson,69,Port Tinaport,2025-07-19,0,42,2755.577619047619,4,0,0.0
db67a747-918a-4e47-a813-421e29110c1e,Peter Brown,67,Port Brian,2024-09-07,0,92,2652.7629347826087,3,0,0.0
d0604da5-493c-4e34-9156-3a456b4fb887,Tricia Ho,37,Smithfurt,2025-05-30,0,84,2613.8771428571426,4,0,0.0
da0e4884-d758-4040-bf5c-211460733d6d,Michelle Harper,43,East Peterville,2024-07-07,1,5,2192.6519999999996,99,1,1.0
4fbf4b9a-520b-46a4-a55c-7db892f17cb7,Molly Briggs,55,Lake Benjaminport,2025-07-28,0,30,2780.453000000001,1,0,0.0
8faecfae-e219-4641-b904-82ce7d0dfab8,Adam Sherman,61,Whiteport,2025-06-15,1,1,4114.81,102,1,1.0
e3c63315-8bca-40b2-85a9-0a2aa02aeb3d,Kenneth Perry,45,New Markton,2023-12-15,1,4,2704.505,74,1,1.0
500acf02-8e79-4dec-9200-2af9b40ff141,Brianna Price,26,North Travis,2024-01-28,0,58,2181.846034482758,3,0,0.0
889766b4-efe7-4281-b892-91fef8a6357e,Tammy Davila,35,South Kathrynside,2024-11-21,0,70,2289.5418571428577,1,0,0.0
7b2e9723-e432-44cc-b32a-6d5b4f8f3aac,Christian Harvey,63,North Robert,2024-11-14,0,22,1877.0413636363642,1,0,0.06
0a6ef970-8c85-456a-8375-97690ff366e9,Dr. April Miller,68,West Jeffreyshire,2025-12-09,0,63,2321.7309523809517,0,0,0.0
7c6ed062-3908-4d19-8265-e1cdd7a3335c,Angel Robertson,45,Bryanmouth,2024-12-04,0,57,2384.718421052631,4,0,0.0
3bcd218f-dcc9-45b3-824e-8974a68e3637,Matthew Jenkins,43,Lake Johntown,2024-06-04,0,97,2417.545670103094,0,0,0.0
1b209ddb-27bc-4233-8d0a-9ae595c765f7,David Rhodes,53,Marilynbury,2025-02-05,0,74,2129.3564864864875,1,0,0.0
2714eb40-50dc-4929-b0ea-adcaecbb9089,Sara Peters MD,41,Lake Justin,2025-05-31,1,0,0.0,999,1,1.0
0e837e56-428c-46f7-a5c2-b454e6fb6c8b,Anthony Woods,18,Darrellmouth,2025-08-28,0,25,2181.8028000000004,4,0,0.0
46a6d69b-db79-4e54-a26e-21e9d414219e,Timothy Stephens,32,Michaelberg,2024-02-10,0,46,2428.611304347826,2,0,0.0
bf421ab7-fc56-45b4-a7f0-76b5c68ae100,Jake Braun,39,Morganhaven,2024-07-10,0,30,2447.185333333333,1,0,0.0
1f731a7f-3072-4c3b-8fbe-4a153808c9bd,Matthew Beasley,55,Sawyerland,2025-08-31,0,35,2612.2231428571426,13,0,0.0
610970fb-9c8b-4bdf-8606-756548431710,Tracey Walsh,56,Lake Mary,2025-08-30,0,84,2591.2385714285715,0,0,0.0
63293d21-2e6e-4822-91f1-b931db9c905f,Francisco Dawson,61,Colonside,2025-02-27,0,55,2550.551636363636,2,0,0.0
5c64b652-17b9-463d-b016-5addf06d3fbc,Brandon Pratt,57,Lake Samuel,2025-03-09,0,49,2771.522244897959,0,0,0.0
8b993cec-41ca-4c2d-b25c-906c2090e268,Steven Powers,21,New Darrylside,2024-07-04,1,5,2826.7200000000003,31,1,0.99
abd70af5-1eb5-4961-a09c-ea6b8bd2631b,Laura Owens,28,West Katherinehaven,2024-09-22,0,36,2560.9091666666664,3,0,0.0
2de77132-4974-405d-b468-6f22e194be2d,Kimberly Clarke,27,East Rodneyfort,2024-11-07,0,68,2623.144117647059,1,0,0.0
eeadd72f-c7e3-4adc-a00d-5a56ae3bff56,Kenneth Gonzalez,32,Shellystad,2025-10-28,1,5,2537.4100000000003,38,1,1.0
56872e9b-d394-40b7-9888-f58635621fc1,Rachel Santos,71,New Kevin,2025-02-11,0,90,2560.135777777778,0,0,0.0
04f3dfe7-5a16-4362-89f1-b8c6ba939ce6,Stephen Hernandez,65,Kennethville,2025-02-27,0,75,2749.3620000000005,19,0,0.0
a6d9a623-bb21-4ee8-9402-b60afb4504b8,Tracy Lee,50,South Matthewberg,2025-11-16,0,89,2567.090112359551,0,0,0.0
50dde095-8d74-495b-93cf-18bf3024d8dd,Angela Perez,65,East Chad,2025-10-03,0,76,2571.1686842105264,1,0,0.0
e9d68979-8bda-4c92-be50-1bd1ec357ce3,Timothy Diaz,59,West Fred,2024-04-21,0,50,2490.1398000000004,11,0,0.0
b337cdb9-a137-4fb1-86a4-391f0c11c951,Gary King,38,Sethland,2023-12-20,0,27,2611.87962962963,9,0,0.0
cc21bfc3-0e29-4b0f-8aa8-942774152bab,Stephanie Summers,32,New Kevinmouth,2025-07-29,0,58,2445.727413793103,8,0,0.0
6b66554f-bd70-4586-ac8d-82239c2f143e,Shawn Brown,32,East Peter,2024-01-17,0,52,2354.0242307692306,3,0,0.0
0dfe887a-4acd-48da-b541-0a204c805d27,Laura Johnston,75,New Lynnfort,2025-11-16,0,32,2386.03375,5,0,0.0
3f31ae7f-ff0a-4705-a721-3d432211e8c1,Frederick Reid,38,South Kelly,2025-11-18,0,41,2453.7953658536585,3,0,0.0
d73946a0-02ed-40fb-8abf-5ddc26f2798f,Victor Pham,49,Camposside,2024-08-05,0,57,2776.191929824561,5,0,0.0
75fb7c40-3f24-4bcf-9311-5355821639d2,Kevin Anderson,60,North Joshuamouth,2024-12-27,0,35,2374.2499999999995,23,0,0.0
f591d29a-729f-4b8e-9eb4-f53a00b5edb8,Barbara Turner,32,New Olivia,2024-01-12,0,89,2603.6351685393247,6,0,0.0
94bababd-6ae7-43d2-98ff-236d316ecc5a,Jessica Bennett,34,Raymondfort,2024-06-11,0,79,2720.405443037975,1,0,0.0
c853bb70-1c32-489a-9e07-411561574a94,Jermaine Browning,57,East Lauren,2024-05-31,0,45,2307.4248888888897,5,0,0.0
8e410ac2-c797-4daf-acd8-28c01bcac27e,Walter Holmes,20,Jonesville,2025-06-13,0,92,2633.7121739130434,4,0,0.0
7d9953aa-59d5-41e8-b131-aeb881662735,Abigail Thompson,29,East John,2024-06-25,0,87,2432.3839080459784,0,0,0.0
724414c8-ec4e-4fca-8e46-1f44d7b0022e,William Banks,27,South Caitlintown,2025-11-23,0,63,2710.4214285714284,3,0,0.0
729ca6d6-adcd-494e-9e11-dfbb0e7c02cc,Jonathan Silva,30,East Vanessa,2025-05-23,1,2,2287.565,165,1,1.0
8f7cb803-81cd-4c0f-8e9c-ed0836ace553,Kaitlyn Cox,35,Morganberg,2024-07-27,0,30,2717.657333333333,4,0,0.0
3c0e73da-28c4-4416-b1ce-d5308fc29adb,Angela Peterson,73,East Edward,2024-05-31,1,2,2921.705,71,1,1.0
26ef2015-28e1-41e3-800e-c0c70c8993c6,Joseph Knox,60,Lonnieshire,2025-06-05,0,92,2598.569891304349,0,0,0.0
809fd955-061e-45b1-a631-b3523e078164,Matthew Carroll,24,Carrburgh,2025-06-20,0,68,2655.9775000000004,6,0,0.0
08f5e5a8-25fe-4fff-bd7e-f69e4697214b,Dana Ross,18,Emilyland,2024-05-06,1,3,1756.5900000000001,87,1,1.0
6eee0a6e-98a2-4d2d-bd1d-2d0c63976654,Teresa Taylor,22,Port Joseph,2024-01-02,0,74,2540.1879729729726,7,0,0.0
5bd95ec0-ca83-412e-acb8-33943e993d3c,John Moore,54,Lake Christopherland,2024-03-20,0,41,2361.2168292682927,2,0,0.0
ed131dd0-a451-4745-9319-fb0cff54d299,Mr. Jason Townsend,22,Lake Danielstad,2025-01-29,0,33,2715.478484848484,7,0,0.0
e949299d-f650-4f50-ab47-e42f9b4570d2,Jennifer Powell,38,Gomeztown,2025-05-19,0,97,2619.4370103092783,1,0,0.0
970df2df-c8bd-41c8-b01a-b32d0d845e77,Summer Morrison,40,Michellestad,2024-06-29,0,62,2440.2908064516123,3,0,0.0
a7cf3010-b95b-42cf-8768-a22df5066d07,Laura Wright,41,Justinshire,2024-05-27,0,83,2603.981807228914,6,0,0.0
36358036-93a7-4c25-b342-c41f00c38826,Erin Hicks,24,North Gregoryberg,2025-05-18,0,41,1982.4151219512196,5,0,0.0
021bd844-7c0e-448e-87c4-54aea68da3d0,Debbie Santana,27,Brownfort,2024-07-08,0,95,2422.2393684210515,2,0,0.0
b25ef8d0-5438-4347-907f-b653f230ca12,Tommy Chandler,27,New Timothystad,2024-04-18,0,99,2381.7644444444436,1,0,0.0
abcadf15-835e-4359-b8e4-add9b5b85f53,Preston Wiggins,55,South Rebecca,2025-07-03,0,95,2345.85,3,0,0.0
f90b9e13-6410-4617-9700-4158eea0ee3e,Anna Williams,48,Jamesmouth,2024-04-03,0,63,2871.634126984128,1,0,0.0
9b44bd9f-ed8d-49c4-a3fa-73a9e72f86b4,Dorothy Bell,41,North Charles,2024-10-18,0,63,2342.6825396825407,4,0,0.0
f49118f6-8fc5-427e-a164-5522934ff1d7,Mark Hamilton,45,New Drew,2025-01-26,0,46,2744.308695652174,2,0,0.0
98a4f59a-ed6e-4fb5-9281-6439c9c1b4c9,Michelle Williams,54,East Jonmouth,2025-04-08,1,4,808.5974999999999,44,1,1.0
d4f64481-59ba-4d6a-a1ec-86c09397a501,Samantha Fisher,27,Lake Saramouth,2025-04-28,0,98,2562.9213265306125,1,0,0.0
ad503ecf-8751-4475-90b5-2c1243ab9013,Emily Obrien,32,Jessicaburgh,2024-12-18,0,47,2672.1325531914895,1,0,0.0
c8efacce-64fd-4bc2-a6a8-47413cc80c7b,William Wang,27,West Davidshire,2024-03-23,0,71,2494.3935211267603,2,0,0.0
25e9d89c-f2ed-4da0-a0f6-52b85a1c8a03,Eric Davis,31,New Jameston,2024-10-22,1,3,3879.2066666666665,49,1,1.0
675c6aa8-ad6f-439f-8b32-4b462aade347,Tyler Rogers,46,Lake Williamtown,2025-08-08,0,84,2357.962142857142,2,0,0.0
d1044125-6879-4e81-a5cd-f47269761742,John Smith,53,Tracyport,2024-12-12,1,1,4780.79,107,1,1.0
c67e84a1-8b1c-4030-aedf-5b0b0d445c3b,Richard Melton,57,Juanfurt,2024-12-24,0,89,2461.5314606741563,0,0,0.0
235b2722-02a3-4190-8112-67755b54d3ac,Christopher Goodman DDS,58,Lake Codyview,2023-12-14,0,29,2125.242758620689,3,0,0.0
6e6d0c45-eefd-40f8-92ec-afaaa6fa9718,Megan Herrera,69,East Christopher,2024-03-12,1,0,0.0,999,1,1.0
fcf11467-991f-44f0-badd-3b55800d8d21,Heather Jones,67,Lake Ericberg,2025-08-08,0,74,2349.23027027027,2,0,0.0
a0dcd2c7-e0b7-4823-86c7-de5be0fd5a1f,Timothy Mahoney,73,Joneshaven,2025-11-27,0,30,2532.2183333333332,0,0,0.0
192c64d8-9daa-46fa-8b04-5507cca78e11,Joshua Burnett MD,30,Saundersbury,2024-08-25,0,29,2544.22724137931,6,0,0.0
ac4d5cd5-fed2-43d4-802a-dad3cc2f9020,Adrian Reyes,49,Lake Tracy,2024-04-29,1,4,4156.595,47,1,1.0
cda33dbc-b644-45ed-93bc-8f918d76b7d9,Sean Myers,61,Port Charlesburgh,2024-03-14,0,34,2625.1788235294116,16,0,0.0
64c30a30-4412-4ec8-ad3d-5629d703ff2d,Christopher Patterson,70,Amberburgh,2023-12-17,0,92,2521.768043478262,0,0,0.0
d959378e-1c01-4129-8048-d7ae829772f8,Oscar Ortiz,74,Schaeferland,2025-01-09,0,46,2434.6054347826084,0,0,0.0
bda8b7a4-8cc6-4a01-8e94-f3eba188c667,Tracy Williams,27,Stephaniehaven,2025-09-04,0,49,2404.4722448979587,2,0,0.0
96207aa4-0b98-428c-a315-e9b52d896842,Scott Rice,55,Gilbertfurt,2025-01-05,0,47,2659.477659574468,4,0,0.0
77ea802c-7701-4a64-865f-f699c14ec307,Angela Cox,75,South Timothy,2025-11-30,1,5,2401.0980000000004,32,1,1.0
5bb48da3-5a43-4aab-b4e9-ff291a70c35f,Roger Morgan,21,Carlyshire,2024-09-23,1,0,0.0,999,1,1.0
2e2850b0-04f5-4986-bd88-fa757c2bb28c,Joshua Ford,21,Cabrerachester,2024-04-18,0,58,2617.5824137931036,5,0,0.0
7f7329d2-72b9-4c51-a7bc-a221a2ccf619,Brandy Brown,61,Lake Matthewchester,2024-07-18,0,86,2501.2195348837217,3,0,0.0
da4585cb-cb1b-48e4-8569-5edb0979d0f1,Paula Moore,43,South Maria,2025-10-09,1,0,0.0,999,1,1.0
a18e3563-0687-41c0-bec7-8c15ef9571f2,Angela Snyder,59,Williamsview,2024-11-07,0,55,2215.468181818182,1,0,0.0
df61eb26-b167-425c-9cfc-b8b17d4be470,Kimberly Mills,21,West Michelle,2024-11-23,1,0,0.0,999,1,1.0
b5e4e144-c71e-4278-8a2e-b8280fa292ba,Jose Garcia,57,Cameronberg,2025-12-09,0,59,2693.0274576271186,9,0,0.0
f85098bc-7d1a-44ae-b56e-aab747ef9971,Wendy Fisher,22,Johnborough,2025-10-08,0,96,2667.492916666666,1,0,0.0
61e9e0cc-c2b4-4d5a-9fef-e522c90457c6,Theresa Miller,26,Patriciaborough,2025-01-30,1,0,0.0,999,1,1.0
47410332-877c-4382-935a-d9df60db9ded,Sean Robertson,47,Lake Jennafort,2025-04-02,0,70,2814.8171428571436,4,0,0.0
a6b75d15-6254-4eef-a3de-844a86ad4bf9,Kelly Mcmahon,18,Henryland,2024-12-04,0,39,2091.5551282051283,3,0,0.0
0bfacd2c-ef42-495c-9bcd-fb88b6705411,Jessica Mcconnell,49,Lisatown,2025-03-13,1,1,4863.45,166,1,1.0
d8a77638-29dc-47fa-90a7-aeed920aa561,Nicholas Wilson,28,Port Ericland,2024-04-21,0,100,2582.0334,1,0,0.0
603f3aa3-cb67-4e43-b9e4-5e4295fe113d,Daniel Johnson,71,West Natalie,2024-02-05,1,0,0.0,999,1,1.0
181650d2-d07d-4b81-ad07-26f69a4481d7,Ashlee Baker,22,North Stephanie,2025-07-17,0,82,2373.0846341463416,3,0,0.0
06232ef8-16d5-4992-a49b-4bb6b1715edd,Theresa Jones,41,Lake Kevin,2025-08-13,0,46,2492.1436956521734,1,0,0.0
92fdec80-c83b-42cc-8334-7ba62834554f,Daniel Byrd,54,New William,2023-12-13,1,0,0.0,999,1,1.0
e70726af-4fb8-4386-9c9d-d512a2792ecc,Eileen Ochoa,49,North Angelamouth,2024-12-24,0,28,2452.0525000000002,0,0,0.0
afec4862-fdc2-462d-8034-7117b434b617,Nicholas Lewis,35,Lake Virginiafurt,2024-08-13,0,31,2721.247419354839,2,0,0.0
4b138ac4-b03e-49e9-9dbc-2b49255e158b,Rebecca Carlson,22,Melindabury,2024-03-01,1,3,3806.65,97,1,1.0
ff8a50a9-99df-4069-b374-8d9ba8798f89,Andrew Williams,74,Hesshaven,2024-07-16,0,22,2743.2081818181814,4,0,0.0
bb950073-ec97-44f3-9537-fab8cf58ed63,Rebecca Garrett,33,Johnbury,2024-11-29,0,61,2512.71606557377,0,0,0.0
b8363556-0e12-4357-9fac-b51952bb803d,Crystal Clark,73,West Davidfort,2024-04-11,0,67,2587.0661194029854,1,0,0.0
9d7236b4-d942-4724-98b3-83bafe6e8a45,Larry King,22,Morrisville,2025-08-01,0,52,2303.2363461538466,4,0,0.0
a99355d7-1905-45c0-a82a-ef2df10ee427,Craig Campbell,28,Adamview,2024-11-21,0,91,2505.4158241758237,1,0,0.0
8b7de1b1-797e-4b34-921f-e1bee9c6ee22,Mary Bowman,67,New Joshuaburgh,2024-02-10,0,73,2651.362739726026,7,0,0.0
8f386b08-244b-401b-b6c2-2407aef4f117,Johnathan Evans,29,Jasonview,2025-04-30,0,84,2268.317976190475,10,0,0.0
cc2d5c77-9788-4d69-9b07-e759cebe6a62,Catherine Martin,33,North Cindyborough,2025-02-08,0,76,2498.4606578947364,0,0,0.0
47019762-4a5e-4c66-b9f7-b83daf7493f9,Nancy Cameron,20,Lindseyton,2025-03-17,0,28,2294.661071428572,1,0,0.0
08affcb2-f55f-40da-8a51-8e31c31f317a,Adam Buck,61,Mariaside,2025-07-01,1,3,2338.146666666667,64,1,1.0
a743d19d-2453-4418-b285-155b154f2e15,Alexander Daniels,18,Greenmouth,2024-11-12,1,2,2966.2349999999997,137,1,1.0
591ef854-6f4d-4c0a-b1ed-55df29c87214,Ryan Delacruz,72,Harrisonmouth,2025-10-07,0,61,2535.731967213114,1,0,0.0
4248c15a-38f4-4e96-a87e-a47565108ea6,Cody Wheeler,19,Lopezmouth,2025-02-28,0,25,2484.7963999999997,7,0,0.0
9edef2f3-eba1-4fdc-989e-f9fd279e5a75,Daniel Morales,70,Port Lisaside,2025-09-09,0,68,2658.0202941176476,2,0,0.0
848b839d-b30e-4540-9214-ebe790b98696,Danny Foster DVM,52,Gainesberg,2025-10-25,0,88,2435.9480681818172,2,0,0.0
e557a912-e48a-4d13-a51b-835a202e0d91,Paul Garcia,56,Duncanchester,2024-12-12,0,58,2634.7867241379317,2,0,0.0
b665157f-f1ea-4a73-8675-323683b08cc1,Eric Barrett,61,West Johnmouth,2025-05-08,1,2,3904.005,85,1,1.0
9f0f8b28-2fd8-427f-8c93-949ce898f2fd,Beverly Graham,57,Nicoleport,2025-07-14,0,51,2522.302156862746,3,0,0.0
7ce0a288-f925-4004-8e9c-1cb1802e7f93,William Reyes,18,Adambury,2024-05-25,0,45,2625.6095555555553,1,0,0.0
1bcf58cf-62ea-4e04-9fd5-9027f43e087d,Stephanie Wright,71,Craigburgh,2025-11-27,1,2,4025.605,80,1,1.0
e0e38c3a-264c-44d8-a0ec-8cb4e192f6c9,Glenn Davidson,46,Cookville,2025-03-23,0,57,2495.9782456140347,4,0,0.0
3739ff62-89e5-4719-a6bf-ed5ef7b191e9,Michele King,67,North Gregory,2025-09-09,0,62,2354.95935483871,0,0,0.0
a9a0536e-32b1-44cd-a2dc-5b50554ac905,Julie Rangel,39,East Nicholaston,2025-09-19,0,85,2648.7858823529396,6,0,0.0
02b31dc4-2a7e-4ce9-ada4-4780333a6c82,Darren Anderson,33,South Anaville,2024-09-15,0,43,2057.891860465116,3,0,0.01
2b7bd6a5-34c1-47e4-858a-babda70bb0cd,Jon Good,41,Castroview,2024-09-18,0,23,3158.496521739131,1,0,0.02
0e0bd2a7-537c-4d92-9d39-d7726a15b1ba,Beverly Wagner,32,Hallchester,2024-12-08,0,38,2319.6250000000005,14,0,0.0
38f38ee9-799a-4718-b0c8-dc3b11765fe6,Gregory Bishop,42,Lauriebury,2025-02-23,0,47,2488.0517021276596,3,0,0.0
380d05ef-8385-4544-8a03-f111f4b1d265,Jason Russo,44,Johnland,2024-05-25,0,54,2545.8394444444452,4,0,0.0
5bd5df19-de94-4ec8-9af7-724186adf181,Darrell Craig,75,Lake Jamesville,2025-10-25,0,24,2642.281666666667,5,0,0.0
cf29e842-b5f4-4536-bcf1-171112c863b2,Daniel Hayes,56,Lake Davidview,2025-10-08,0,26,2111.6953846153847,16,0,0.0
4a2ca55c-735a-422c-abf3-23f42b50965a,Donna Hutchinson,43,Johnsonhaven,2024-06-22,0,61,2732.3014754098367,8,0,0.0
92956245-9701-46e1-8746-99b4c0e45e32,Joseph Simmons,56,Jonesfort,2025-08-07,0,73,2481.4873972602736,8,0,0.0
6cf38622-dbea-4484-8299-37648c62a76f,Robin Peters,71,South Mary,2024-02-11,0,50,2744.7182000000003,5,0,0.0
27f6965b-229d-4d3a-a3cd-36d676d4c68e,Crystal Allen,72,East Angela,2024-08-28,0,39,2812.3102564102564,11,0,0.0
214a850b-6dec-46ee-b625-7b5202b87eed,David Moore,70,North Christopherchester,2025-06-15,1,2,1799.365,112,1,1.0
443a0fd7-857f-46ed-bad8-176f842c7ada,Lisa Schroeder,32,Hendersonshire,2024-12-26,1,4,3014.2875,43,1,1.0
6559ade9-c844-4c31-bd5d-e9509c688488,Patricia Romero,43,Port Bryan,2024-09-24,0,80,2306.6859999999997,1,0,0.0
246456df-6698-4a7b-84e1-a15251a554b3,Joe Wright,54,Saraberg,2024-01-06,0,52,2404.5657692307695,15,0,0.0
c1ce8c7a-b59f-4756-adbb-9bbb6356335d,Brian Lee,33,Callahanfort,2025-06-13,0,29,2533.4358620689654,0,0,0.0
7ee12bbc-1ab9-417a-90ba-960e758e6b36,Ivan Tucker,41,Port Sean,2024-11-22,1,5,2217.13,67,1,1.0
86bfd6cf-573b-4e5e-b7b7-db630d30e504,Benjamin Moore,24,Port Sharon,2024-09-15,0,84,2531.2296428571417,1,0,0.0
d63ea441-a2f4-4884-87b3-c4c2f3f1072a,John Patterson,22,Lake Dustin,2025-08-05,1,0,0.0,999,1,1.0
a749cbc3-8c4e-4b38-af60-70e39f68472f,Rachel Lawson,49,Deannabury,2024-10-06,0,85,2563.6995294117637,1,0,0.0
5a965291-c382-4985-982d-46818cc7e2c7,David Stevenson,57,Port Shaneburgh,2025-07-22,0,91,2722.261648351648,0,0,0.0
a178fb47-f30c-4081-a9bd-1ddf52a0b7b9,Daniel Webb,64,Campbellfurt,2024-06-16,0,95,2621.390631578946,0,0,0.0
1164e4f7-8c8c-4219-bede-ae44d3e5ef09,Jessica Jackson,34,South Micheleport,2024-06-15,0,72,2394.3444444444444,0,0,0.0
ad8e5d71-3130-4b5a-ad22-5640e6487ac3,Kaitlyn Turner,57,Walterfort,2025-08-16,0,42,1981.3452380952385,1,0,0.0
40fb43b7-9c2c-4a8e-baa0-2e970c590435,Sergio Richardson,62,Gracefort,2024-06-29,0,40,2518.2164999999995,4,0,0.0
5605c2fc-18fd-4e13-ba33-ad06554c18fa,Kenneth Hale,68,Annstad,2024-02-19,1,4,3612.6349999999998,62,1,1.0
b6c8ca0a-90a0-4471-a49f-4329f8010cb0,Bryan Whitney,71,Angiechester,2024-05-13,0,48,2246.2202083333336,0,0,0.0
47a23351-3c6e-46cb-904e-9b95b2441171,Stephanie Wright,28,Donaldville,2024-07-30,0,62,2547.7245161290325,2,0,0.0
85f91054-c365-4adb-81fe-b00671c968a6,Eric Smith Jr.,35,Lake Rogershire,2024-07-15,0,24,2870.5125000000003,6,0,0.0
4cf6fc1d-1d80-4dbd-af06-d0525878f6ba,Tiffany Miller,56,South Andrewmouth,2025-07-04,0,20,2430.344,3,0,0.0
98ffcb34-4a83-45f6-be11-65510401e46f,Patrick Alexander DVM,33,Taramouth,2024-02-03,1,1,4189.46,38,1,1.0
374fe00a-14ad-462c-a1c0-cd85d3adef41,Matthew Mcpherson,25,Stephenmouth,2024-06-27,0,56,2241.5669642857147,2,0,0.0
ac558919-3161-427f-82b0-72be084583d3,Paul Parker,40,Lake Courtneyview,2024-09-20,0,48,2357.155625000001,4,0,0.0
a1e7abb9-e420-4763-9359-5379a90d20b9,Jordan Turner,34,West Thomas,2025-11-14,1,1,3462.64,169,1,1.0
da921e29-e491-4c21-89c9-578c92c1bf9f,Jonathan Ramos,56,East Kevin,2024-01-09,0,43,2743.653488372092,0,0,0.0
98df0d69-140d-4d0d-a154-10e87a4c6254,Aaron Rice,60,South Edwardhaven,2025-02-15,0,23,3450.765217391304,2,0,0.02
1c86ecf7-78e7-48ea-984e-f79f49677ac0,Sandra Blankenship,44,North Brittanyshire,2024-12-24,0,54,2671.996111111112,2,0,0.0
74c5d2dc-a948-4c32-aaad-2d7305e2e227,Theresa Phillips,44,West Anne,2025-12-01,0,49,2606.3075510204085,1,0,0.0
c5191ce5-d73a-4460-8bdf-7686ef934e05,Robert Thompson,58,South Jerryhaven,2025-02-07,0,69,2680.00043478261,1,0,0.0
492ec7d8-0afa-497e-ac8b-1a5e347b00d2,Ryan Woods,70,Amystad,2024-03-18,1,4,2618.8875,96,1,1.0
6e3cc952-a949-4d69-9190-97fb88d02ebf,Albert Smith,61,Port Matthewmouth,2024-08-06,0,54,2717.834444444445,4,0,0.0
edc525e6-5b6e-4803-8312-495078fbd067,Gregory Chase,38,Brendachester,2025-01-27,0,31,1927.859677419355,0,0,0.06
22292e62-dcc9-4cfd-82e4-0455592697bf,Stacey Murray,27,Manuelberg,2024-08-05,0,34,2370.294117647059,7,0,0.0
6df3b6a4-dba0-4d9b-9211-9e263985be38,David Russell,60,West Joshua,2025-01-03,0,35,2290.6505714285718,4,0,0.0
1cd40d39-2e13-485d-adb8-18a70e7e08da,Karen Lozano,26,East Amanda,2024-01-03,0,65,2822.222615384615,5,0,0.0
91e3e3ce-e236-4d9d-b3dc-a5381701b57a,Leslie Adkins,56,South Connor,2024-12-02,0,28,2360.1267857142857,3,0,0.0
9cc1419b-25e9-4736-824b-0e7fa40d6308,Jordan Gillespie,50,East Christinaland,2025-08-01,0,83,2320.2762650602413,0,0,0.0
e993e39b-8435-4936-8e94-e903b03cf773,Charles Carroll,50,Lake Luisfort,2025-07-23,0,47,2372.47744680851,3,0,0.0
2591e9e5-0ec2-4640-ae03-0ecab750f969,Andrea King,59,Port Annamouth,2024-08-04,0,76,2539.472105263158,0,0,0.0
13889f2e-66bd-4420-b23f-260b75a7ed50,Jeffery Cherry,58,Kendrashire,2024-05-20,0,60,2734.528500000001,1,0,0.0
6bcfd696-738c-4ce1-be03-019fdba6a4a9,Lindsey Huff,63,Lindachester,2023-12-26,0,25,2772.6128000000003,4,0,0.0
fde5b04d-d45d-411e-8f7b-08470c8fbdad,John Sanchez,18,Alvarezfurt,2025-07-05,0,70,2554.3397142857148,1,0,0.0
ee820f97-5741-4666-b2cf-38f8ebf6e626,Madison Williams,56,Port Sharonbury,2024-07-12,1,3,4661.7300000000005,112,1,1.0
67c369b5-b141-4dc1-9b75-3e116596651c,Lucas Patton,41,North Johnchester,2024-01-06,0,47,2435.9000000000005,1,0,0.0
af640e6f-3f53-4186-8cb6-81e70a4e0fc8,David Jones,67,Romerochester,2024-03-12,0,83,2354.539638554217,2,0,0.0
6c456044-ba50-464b-95f0-f2371bfa1903,Elizabeth Hernandez,55,North Brianfurt,2025-11-07,0,80,2423.0371250000003,2,0,0.0
f664dad8-8717-435a-8459-98f0ba81b274,Michaela Huber,63,North Jameschester,2024-03-16,0,27,2860.1855555555558,3,0,0.0
db6e083b-a524-42e8-acd5-ed06d3a3e8f0,Julie Harris,54,Collinsview,2024-12-10,0,78,2647.4873076923077,1,0,0.0
957abe1b-01ca-4c24-a20b-310ed2238bca,Sarah Sanchez,36,Williamsland,2024-09-02,0,90,2590.507888888889,1,0,0.0
7b02c973-da05-4743-84cc-5077d5902522,Pamela Grant,64,South Anneborough,2024-05-29,0,89,2457.4869662921337,0,0,0.0
c6c81f06-f113-4940-aa8f-ac2bf688ea68,Nicole Porter,28,North Benjamin,2025-07-04,0,96,2452.8028125000014,0,0,0.0
414f4e6e-1164-4df6-a085-74ca7a82bff9,Tara Ray,52,South Victoria,2024-07-19,0,76,2481.724210526316,4,0,0.0
cac5c762-7d49-4bf4-beeb-7fb03ada0dba,Anna Mayo,18,East Rebeccaburgh,2025-07-15,0,45,2695.3791111111113,0,0,0.0
08af793d-fd62-46b1-8b99-bb03ec2b9b88,Brandon Barker,68,Amandaside,2025-08-03,0,81,2263.492592592593,1,0,0.0
1601a875-de30-41e7-8a8a-70f9c2854955,Christine Rice,25,Lake Vanessa,2024-03-27,0,28,2677.8850000000007,1,0,0.0
29a29319-6063-4db0-befc-c4570898cbd1,Cassidy Davis,52,New Tracybury,2025-09-19,0,96,2547.311145833333,2,0,0.0
314cb633-3a0e-47f0-b33f-80f5c0c37a2d,Jasmine Gardner,75,Port Chadbury,2025-07-30,0,97,2571.115051546392,3,0,0.0
d85e4c18-4501-4ed0-81b7-07596c862755,Jordan Smith,21,South Samuel,2024-08-27,0,89,2253.1761797752815,0,0,0.0
06f435cd-dc98-4e4c-8cdb-bd58995bed52,William Wilson,29,Port Ernestchester,2025-04-20,0,29,2790.137586206896,5,0,0.0
c1b30264-d369-4e66-9c14-9bcc1006b2fb,Cynthia Lee,40,South Justinport,2025-04-20,0,32,3175.194374999999,10,0,0.01
3d68895e-99a8-45ce-8bcf-fa42f8087b53,Deanna Phillips,24,South Jennifer,2025-08-03,0,69,2526.080869565217,5,0,0.0
d4facdba-61db-4ec0-a203-271725429c35,Anthony Wagner,74,East Erikborough,2025-01-24,0,64,2699.411562499999,2,0,0.0
a9fd0b40-25e8-4a48-9f74-f8a9bcdfd80a,Michael Ochoa,46,Kellyfurt,2024-09-17,0,77,2381.778701298702,0,0,0.0
781713f8-9d09-44b1-a3b1-1d00c5d0b86e,Nathan Hughes,35,Morrisonfort,2024-12-15,0,94,2244.0009574468077,2,0,0.0
57a3055f-295d-44a5-a121-78070c951a63,Julie Taylor,38,Hobbsborough,2024-02-10,0,38,2746.487105263158,6,0,0.0
ed80caec-6a51-494f-90e1-6a0e41724b51,Nicholas Walker,60,West Alyssaville,2024-02-06,0,20,2585.4669999999996,1,0,0.0
35ead447-b6e0-4b35-9102-c9be5532d683,Dana Johnston,46,Lake Patriciaview,2024-05-10,0,85,2210.824823529412,2,0,0.0
f63f4756-7c1d-4780-a2d8-2ad1df43b4cc,Caitlin Lynn,24,Sarahborough,2024-02-09,0,66,2648.375303030303,1,0,0.0
19ee11c4-457d-4485-a495-170ce4843d0d,Erin Gonzalez DDS,43,North Jasonton,2025-09-01,0,73,2341.2015068493156,0,0,0.0
eba07f5f-ba3e-480e-bafc-a4aabdfbf067,Audrey Hurst,36,Owensside,2024-04-12,0,43,2512.815348837209,0,0,0.0
e822a9f3-f215-471e-ad82-301eb838e994,Marie Hayes,23,New Kristaborough,2023-12-25,0,46,2579.890652173913,5,0,0.0
ecbb590d-2d42-42ab-8120-c6c9ff8ba9ad,Antonio Estrada,45,Ashleyside,2025-07-10,1,0,0.0,999,1,1.0
c2a78acb-800b-423f-80b6-a4399d93b11c,Taylor Blair,54,Lake Phillipstad,2024-07-16,0,91,2570.137032967032,0,0,0.0
a5a17549-ab82-4b13-b86f-20307970b72c,Scott Mendoza,35,Jontown,2024-11-12,0,95,2258.534105263159,0,0,0.0
65b6da49-1d80-4ecc-9f42-796a8e2905c0,Luis Wilson,29,Shannonborough,2024-10-01,0,54,2654.5811111111107,2,0,0.0
27d35cc8-113e-446d-90a7-6870f738a786,Kimberly Bowers,47,South Courtney,2025-03-02,0,90,2668.588666666666,1,0,0.0
fffff43b-b718-43e9-b532-4368701ccb8e,Candace Edwards,65,Bryanborough,2024-11-07,0,74,2334.9770270270265,3,0,0.0
6eeaa88a-7752-4dc3-b120-bf7f8e4fb5ea,Matthew Jones,32,Paulside,2024-05-20,1,2,1909.17,36,1,1.0
6ea49174-5d2a-4dcb-bc9e-aefc3248806a,Debra Nelson,28,New Steven,2025-08-11,1,1,3036.67,63,1,1.0
debd933f-5f74-498b-be2b-ba6a9718eae4,Christopher Mcclure,49,Wintersshire,2025-01-11,0,82,2552.2454878048793,0,0,0.0
bd1b53c3-d5f5-4cec-8e47-bc03a2c1d00c,Wesley Morales,53,Karishire,2024-03-30,0,41,2152.756829268292,4,0,0.0
a381234e-b305-42ec-a938-91bda9518fc6,Christina Carr,39,New Williamberg,2024-04-22,0,97,2785.7147422680414,0,0,0.0
c244d696-7035-4dcf-aef7-7fa6196df0a2,Teresa Simon,68,Rebekahfurt,2025-09-29,0,78,2615.943717948719,0,0,0.0
f169bbec-7e09-4acf-be17-e5d2bbc5bb9e,Robert Fletcher,42,West Carl,2025-10-15,1,2,3986.415,164,1,1.0
fcbad33f-4a26-4489-8f54-818d6223ad7d,Anne Vazquez,32,Emilyland,2025-04-18,0,97,2363.3976288659796,0,0,0.0
c3299738-1abb-4387-acd9-f160b6506584,William Aguilar,63,Julieside,2025-03-10,1,2,2606.3,131,1,1.0
04375398-9ccd-46bc-9f42-0b4eb63e18b5,Terry Weaver,36,South Melissa,2025-03-08,0,44,2559.910454545455,2,0,0.0
1892e8bf-fdb9-4b88-a1da-f21bbd473f1f,Stefanie Wilson,23,Port Thomas,2024-04-11,0,62,2276.2779032258063,2,0,0.0
ecdec2e1-bcbb-4d45-a6ca-fb1625e65e77,Nicholas Sanchez,54,Port Jennifer,2025-05-25,1,0,0.0,999,1,1.0
7c66c893-a4c8-495c-937c-1d5d970147dd,Ronald Green,20,East Richardburgh,2025-08-24,1,3,4198.366666666666,42,1,1.0
17056c18-778b-4c1c-b204-06e2784ef0eb,Travis Murillo,64,Stephanieburgh,2024-03-04,0,51,2648.92294117647,1,0,0.0
93e431b9-e35e-44d1-ae5e-ddeb05a51d5f,Brad Adams,39,Adamsview,2025-09-02,1,4,4821.755,32,1,1.0
c55e8da2-36e7-46fa-8472-6c5926a2e1b7,David Snow,24,Lake Michael,2024-05-16,0,89,2590.699662921348,1,0,0.0
820762c6-f657-4567-90d3-7881f8d2d8ce,Michael Washington,52,New Antonioside,2024-09-10,0,22,2331.656363636364,5,0,0.0
4f842ac1-be41-4bc8-b681-bd2c21c0a5b3,Danielle Collins,57,Douglashaven,2024-05-20,0,41,2642.445609756097,2,0,0.0
1e214f7d-9dcb-4308-a044-bb5afc049a90,Emily Morris,30,Jodyview,2024-04-24,0,91,2724.3030769230763,1,0,0.0
52ec0bba-327b-41f4-80a4-d7533175932d,Stephanie Schmidt,56,North Daleport,2025-05-24,0,79,2772.6336708860754,1,0,0.0
88055e20-fa14-4bf6-b20a-adf5f688f0c1,Donald Swanson,41,Port Angelaberg,2025-10-22,0,71,2542.9812676056335,2,0,0.0
162c2770-4fb2-4420-b06b-b4cf8f4cf522,Matthew Whitehead,31,East Jeffery,2025-12-11,0,70,2374.6557142857146,5,0,0.0
d728de74-3498-43af-9475-a24ce846b1ba,Michael Baldwin,56,New Brandonside,2025-02-02,0,77,2479.8570129870127,1,0,0.0
7acdb743-9f6f-41e9-ae6e-051cc0eda49d,Kathy Reid,71,Martinezbury,2025-08-01,0,60,2657.479166666665,1,0,0.0
2ed05711-1e75-4554-9da0-f7f5c7879f02,Alexander Garcia,35,Jennifermouth,2025-04-17,0,74,2170.8389189189197,0,0,0.0
84284c69-a5b4-4541-b40f-20897f6f18ef,David Phillips,32,Johnberg,2024-06-17,0,51,2388.585882352941,4,0,0.0
52b757fb-7e3e-42f1-8cf3-0865445b6d61,Jason Mason,66,Fishertown,2025-08-24,0,38,2712.2955263157896,12,0,0.0
2e768b9f-34e1-4c39-b174-9f4b1885973b,Jason Gardner,59,Bradshawstad,2025-05-08,0,77,2574.471688311688,5,0,0.0
5690b4ec-c15a-46d7-a726-68a6a93998b8,Vanessa Campbell,57,Douglasside,2025-08-07,0,75,2270.043466666667,1,0,0.0
1a0359bd-38b7-44e4-87c1-e5760521da39,Matthew Reed,72,Lake Christinaville,2024-05-17,0,68,2577.1692647058817,2,0,0.0
0312dce2-1a19-44ac-9179-cb2c217ecf52,Toni Anderson,38,Brettfort,2025-01-06,0,99,2469.014141414142,1,0,0.0
6b35e66a-2a90-4bc2-b574-0f20087ca6c9,Rhonda Murphy,47,West Jeffrey,2025-01-19,0,67,2642.979701492537,1,0,0.0
6a1bc03e-5a2b-4f00-ba85-07312e724d8c,Desiree Bennett,41,North Colleenburgh,2025-04-25,1,1,1758.6,167,1,1.0
d5bc64b4-f077-4114-9f94-abd1563848a5,Kimberly Carlson,41,Port Robert,2024-12-29,0,20,1911.8925000000004,2,0,0.06
98bd168f-6583-4c66-a896-af77f80de2e4,Barbara Parker,38,Tonyborough,2024-11-05,0,44,2594.654545454545,3,0,0.0
b1419427-e620-4bdf-8cb0-c55d418d0f3e,Jacqueline Washington,58,Sarabury,2024-02-06,0,53,2643.063207547171,6,0,0.0
5fc0de3d-00ea-4b81-a076-6b4cc00fdcef,Lori Abbott,30,North Brandon,2024-01-07,0,69,2261.7737681159424,3,0,0.0
58d3d52b-e995-442d-baf7-4cba3ba90d46,Cindy Sullivan,23,New Charles,2025-02-03,0,75,2357.2142666666664,14,0,0.0
8441f944-6e16-4df4-b166-ad557435701a,Samantha Myers,72,Lake Cindy,2024-03-06,1,0,0.0,999,1,1.0
2a0f3017-7363-4c81-9d6e-e563151a0319,Hannah Davis,58,Aaronton,2025-03-22,0,97,2323.5519587628864,0,0,0.0
7493f511-e824-4ce1-9d72-ba6dc3600cce,Mr. Tom Castillo,31,South Carlfurt,2025-10-15,0,20,2190.5445,23,0,0.0
83ff0fac-d59d-4573-a843-6b43ad1c1f01,Jamie Edwards,43,South Ronald,2024-03-25,0,31,2231.3470967741937,3,0,0.01
950cd540-a906-43d1-a990-28465f25be00,Dana Mills,55,Juliaside,2025-04-15,0,68,2274.5032352941166,3,0,0.0
eece7b4e-d98c-4f6a-8f09-604a1415d96d,Theresa Williams,27,North Alexanderchester,2024-12-08,1,2,3826.3900000000003,35,1,1.0
b5adce16-d785-452a-9df8-010f93138b54,Lori Diaz,23,South Manuel,2025-02-14,0,62,2676.960967741935,8,0,0.0
a3516223-be45-46c7-a059-66ed063031bd,Jennifer Vasquez,70,Wilsonville,2025-03-01,1,3,1841.283333333333,48,1,1.0
75e4e423-4f46-4256-aa3d-91e00184631f,Julia Munoz,36,North Claire,2024-09-09,0,96,2537.0301041666667,2,0,0.0
8788a927-d1ce-4f9e-b77e-9a07c213cb50,Deborah Morgan,75,New Brianberg,2025-05-27,0,32,2471.169999999999,2,0,0.0
84131147-a45b-4793-900a-b37ddba4c994,Kelly Klein,74,Port Annamouth,2024-02-15,0,68,2909.3410294117657,3,0,0.0
2b968639-c7eb-4ee2-843e-0243619612e3,Dr. Brian Anderson,67,Robertchester,2025-01-05,0,99,2406.0686868686867,2,0,0.0
625a3f54-f0e8-4444-8e1d-68d5432bca7b,Tiffany Charles,46,Michellehaven,2024-09-15,1,0,0.0,999,1,1.0
4a4e1437-5e0e-4e7f-8eec-1b25ae8e1caf,Michelle Smith,27,Samuelmouth,2024-11-28,0,87,2350.540459770115,1,0,0.0
7fd04f91-60d6-4d4c-af18-4080c9fe6a3b,Kristina Turner,37,New Jenniferport,2024-01-18,0,77,2680.5183116883127,0,0,0.0
204cdeb0-0978-449c-a4ca-3e0c3f62f370,Keith Howell,69,Jamestown,2024-11-26,1,1,2880.62,126,1,1.0
d13942bf-a0df-49cf-8580-bfaa96b378d8,Philip White,70,East Susanton,2024-11-13,0,99,2490.106767676768,8,0,0.0
695663f7-0833-44b4-9fa2-2f805ccd83b8,Kristen Anderson,51,New Monique,2024-01-27,0,68,2614.9139705882353,2,0,0.0
99aa711a-9d9a-48d1-a464-c8acc5d9b817,Victoria Robinson,75,Ryanfurt,2024-07-06,0,75,2538.4481333333333,2,0,0.0
7cf1bdfc-ff41-42b4-bbea-e67608b75187,James Hodge,43,South Jenniferport,2025-08-02,0,84,2461.091785714286,4,0,0.0
ec413d60-35cb-44b0-b9b3-d3791e9a0669,Keith Horn,64,Christophertown,2025-05-04,0,47,2305.2257446808508,12,0,0.0
c1dbbc7d-eed0-444d-a47f-78bec069368c,Erin Lindsey,62,Port David,2025-07-02,0,28,2539.7525,0,0,0.0
fc1c8b30-e9ac-4811-8aa2-8c1632aeb58d,John Vasquez,67,West Ronnieland,2025-01-20,0,89,2515.8511235955066,1,0,0.0
6d2d593e-c01e-465a-95dc-45aa13939b8a,Phyllis Turner,33,Kathyton,2024-05-23,0,62,2699.7304838709665,0,0,0.0
fb2b8ad1-fc59-489f-916a-7d92ffa7e3a3,Matthew Ward,55,West Lindsey,2025-01-20,0,52,2075.489807692308,2,0,0.0
340cb8fe-cad3-4cb2-abd2-7f8d80dec803,Mr. Mitchell Hall,48,Lake Oscarport,2024-05-19,1,0,0.0,999,1,1.0
f08fe249-cda7-49d9-b25d-99c43ffe6d43,John Keller,36,South John,2025-03-20,0,24,2471.7533333333336,6,0,0.0
f523c691-d9bd-4c7d-aee5-e6201894330a,Laurie Collins,19,New Jonathanstad,2025-09-22,0,71,2560.8239436619715,2,0,0.0
2ac8e7ed-1fba-4874-9959-61b7a7b63df3,Austin Casey,40,Holmesborough,2025-08-23,0,59,2193.6193220338982,1,0,0.0
1009fdbe-eda9-4bab-93b3-615951d053af,Debbie Adkins,69,Johnfort,2025-07-23,0,89,2369.3751685393254,0,0,0.0
25e2ba3c-a067-4aa3-88cd-f4e8a87e88a1,Nicholas Salinas,50,Thomasfort,2025-06-25,1,2,1369.49,54,1,1.0
57008b78-df6c-455a-b9e5-eed57b055e47,Lori Stewart,25,Ernestborough,2024-06-22,0,50,2498.4143999999997,3,0,0.0
1b296ecd-d65b-4f19-89b1-941e729be860,Paul Booker,33,West Matthew,2024-07-04,0,61,2610.420327868852,1,0,0.0
3a8eb13d-5839-40b3-8dbf-f02e337004ae,Jennifer Navarro,57,East Baileyview,2025-08-18,1,1,4551.71,99,1,1.0
92baf1b7-a21c-4ab4-8b77-14d19a8d2e1c,Frank Ward,47,New Michael,2025-02-28,0,64,2541.1532812499995,9,0,0.0
2af6368e-0d27-43e7-805e-96be8213194a,Haley Ellis,45,Jonathantown,2025-10-08,0,25,2665.8084,16,0,0.0
f844f263-ba63-4774-b6c2-b092ca55712c,Wendy Olson,48,Port Christina,2024-12-17,0,67,2333.8126865671634,1,0,0.0
d0786411-a800-43a6-88cb-52f4d9ef6534,Amanda Roberts,42,Sandraville,2024-05-19,0,61,2432.035081967213,1,0,0.0
d8575598-3227-4839-bb48-2e95d64426d8,Carmen Cabrera,43,New Dawnburgh,2023-12-22,0,95,2842.3176842105277,0,0,0.0
16748d53-b0c2-42dc-951a-9745968fca97,William Brown,50,Downsport,2024-05-04,0,78,2329.6038461538456,1,0,0.0
0a565e8e-840d-4ade-9607-9109d8c747de,Angelica Hernandez,70,Amberchester,2025-10-03,0,61,2604.830655737705,0,0,0.0
dece29bd-52a8-4533-b6b3-27cc181a3766,Ashley Martinez,23,Elizabethfurt,2024-09-10,0,39,2587.966153846154,1,0,0.0
f8c6ff1c-1be2-4252-9987-4296ccda8e45,Mike Sanders,19,Matthewchester,2024-06-14,0,88,2558.6230681818192,0,0,0.0
30080e34-be60-42c9-9ade-4281bce1e395,Susan Carrillo,66,South Melissa,2025-01-14,0,70,2213.5681428571424,0,0,0.0
e2f61cd3-a56a-4de6-9823-f41c2b528336,Holly Mitchell,57,Lemouth,2024-05-13,1,0,0.0,999,1,1.0
9ec1ec4c-a81d-4d20-9e17-6ff50bfc1d0f,Colleen Little,45,East Tina,2025-10-16,0,36,2782.198055555556,1,0,0.0
7801cc7e-9067-4d16-b009-67f72ca1e19f,Robert Stephens,62,Port Zachary,2023-12-24,0,81,2770.987901234568,1,0,0.0
87f3b7c1-6b25-4a54-ba2e-fd74c5992b82,Teresa Norman,71,Barbaraton,2025-02-24,0,46,2570.3167391304346,3,0,0.0
e03d2279-5e42-4c71-a9a5-49d470ed602e,Tyler Yates,49,Meghanport,2024-11-24,0,92,2346.4933695652185,2,0,0.0
471bcc6b-eea5-4b01-95f6-6f52c8719a66,John Martin,22,South William,2024-06-22,0,75,2470.227333333333,2,0,0.0
e6ce17c4-9389-45d9-a374-f37c75d403d1,Joshua Hodges,33,Lake Monica,2024-12-13,1,3,1181.0866666666668,52,1,1.0
f0bc38d2-8427-4c70-a5f1-2e2270ce235d,Courtney Love,64,Castanedabury,2024-01-16,0,28,2565.903571428571,6,0,0.0
19928402-7ba3-4b46-8fc6-1c874980c68d,Edward Stanley,65,Tannerborough,2025-04-17,0,83,2575.145903614458,3,0,0.0
11a7d28f-dead-4e27-accc-a0d24354cc40,William Kirk,24,Billyburgh,2024-07-24,0,54,2516.6694444444447,1,0,0.0
9cd2d609-a314-4d77-9d0b-b20665b77b49,James Ramirez,74,Port Anthony,2024-09-06,0,80,2332.8117500000003,0,0,0.0
5f99a2a5-ef59-4928-8859-65ef2127ef53,Dr. April Bates,62,North Scottshire,2025-09-22,0,76,2757.6846052631563,2,0,0.0
ba0ff9ac-6cca-471a-8d47-a6f6f0ba081f,Cindy White,23,Alfredview,2025-10-11,0,84,2383.3855952380945,3,0,0.0
74b3939b-934c-49b5-bbe8-315d0735fb86,Patrick Fisher,31,Port Kurt,2025-04-19,1,2,1248.105,83,1,1.0
6b5f14aa-661e-4428-bcb0-01b1d9a0cd94,Paul Campbell,19,West Denisestad,2025-11-27,0,52,2926.854807692308,1,0,0.0
cf99a21d-5072-4a99-86dc-c589b239340c,Christina Edwards,62,Port Timothyside,2024-08-27,0,93,2346.8207526881724,1,0,0.0
ee423130-63bb-4bfa-b6d8-c5cdbe1a13af,Stacie Miller,73,Jacksontown,2024-09-12,0,85,2369.1948235294117,1,0,0.0
4d9ab3d6-11c4-4142-8918-d64e1ee67c12,Donald Chavez,39,South Paul,2023-12-20,0,24,2919.715833333333,16,0,0.0
48dc7ae4-2c0c-4221-8f7a-92ebbc95d581,Gerald Cox,34,Port Brianside,2025-07-04,0,75,2366.194666666666,6,0,0.0
c07189aa-b319-4118-bb53-d9b577b8a9c6,April Morgan,38,South Kimberlyside,2024-06-17,0,53,2558.996603773586,1,0,0.0
faf4cfc7-2c12-4e7f-a85a-c2b24c70e505,Bill Vargas,73,West Christopher,2025-04-15,1,2,3218.615,70,1,0.99
d95b1685-048e-4dd9-b70d-a5ae3d7653a4,Gary Blankenship,25,New Darren,2024-01-28,0,27,2645.178148148149,7,0,0.0
cbe8fe7f-7e98-4907-9649-5ec3ab1c3d30,Christian Cooper,56,Dianashire,2025-03-30,0,32,2953.361875,1,0,0.0
a642aace-3a01-4df1-baf7-d87cd848b908,Brittany Smith,33,West Natalie,2024-10-10,0,68,2623.3636764705884,3,0,0.0
622a50ed-1b59-4453-ac94-b8494ec9168d,Chad Ramirez,43,Robertmouth,2024-01-27,0,29,2588.909310344828,10,0,0.0
e7aaabf9-511a-40f8-9aff-345947da4eb8,Christopher Larson,64,Eddiemouth,2024-06-29,0,65,2483.0747692307696,1,0,0.0
d07e4c82-3c04-433c-9ff7-467da4cea25f,Christina Jenkins,43,West Karen,2025-01-31,0,73,2447.9143835616433,1,0,0.0
72703f20-2240-4941-b01d-285f739bb1e3,Melissa Bell,37,Reneeshire,2025-10-23,0,38,2539.697105263158,1,0,0.0
32f65be0-3683-4dda-97a0-a4f4901a1310,Jennifer Moore,62,Lake Christopherchester,2025-04-01,0,49,2565.547551020408,1,0,0.0
f35cf3e0-3ba0-4fd0-9e9a-f0587ef303f6,Sheila Weber,44,South Denise,2025-08-26,0,59,2678.5659322033903,2,0,0.0
76c523ce-094e-469b-ab19-7e33afa639c9,Denise Palmer,58,Taylortown,2025-04-28,0,75,2426.730133333334,0,0,0.0
5e4ccc0b-025e-4545-873b-3772cee6e094,Angela Lucas,40,Samanthafurt,2025-09-02,1,1,4133.28,49,1,1.0
1c700f39-4175-457a-9f89-da37eb75ac66,Gregory Patterson,63,Danielchester,2025-11-05,1,0,0.0,999,1,1.0
ba02faa8-8034-466d-bf0b-d4fba5fb85ea,Charles Simpson,25,East James,2025-07-04,1,4,3370.2425000000003,84,1,1.0
1a4413bd-f10c-4efb-b040-cf520487b322,Howard Nelson,44,New Crystal,2025-07-11,1,1,1203.58,104,1,1.0
09df22fb-fd95-484a-abb0-a7fde23779b3,Phillip Shepard,66,West David,2025-09-09,1,3,1037.8766666666666,91,1,1.0
1620e4d5-3c16-48c9-8428-d9e2233a34dd,Amanda Ross,27,Lake Charlesport,2024-12-26,0,64,2529.9839062500005,0,0,0.0
76308a5d-40f7-4626-8350-830ee1eedb0c,Anthony Garrison,34,Joneston,2025-02-14,0,50,2394.6659999999993,4,0,0.0
21d75de1-fc93-4279-986b-e55c3ea82a8e,Dr. Jeffrey Richards,40,Port April,2025-06-30,0,40,2535.29925,4,0,0.0
f52249d0-a018-40e1-9361-8acdac986a90,Rachel Rodriguez,21,Lake Janetport,2024-05-01,0,69,2613.003623188405,5,0,0.0
280d4273-8d46-418e-a7e6-5f2b2aba0429,Brittney Maldonado,57,West Audreyberg,2025-01-12,0,85,2474.1338823529413,5,0,0.0
97d71fcd-6b27-4dbf-acf0-0df03e6b6e3c,Cody Wade,75,Port Victoriaborough,2025-02-10,0,46,2485.4960869565216,0,0,0.0
7fde0025-10ba-4fbd-b3f9-5b49a8d66c0e,Deborah Terry,26,Port Nicole,2025-06-23,1,3,2480.7666666666664,90,1,1.0
c8ef66ab-6747-47ac-bc9c-ecedd69d80f5,Brenda Roberts,56,Johnsontown,2025-12-05,0,99,2710.284646464647,4,0,0.0
9d2f5890-19b3-4c6b-a0a2-15074eb69410,Dale Cunningham,74,Lake Ashley,2024-12-27,0,70,2485.639571428572,6,0,0.0
12be9a8a-f6fd-42e2-8b4d-61d2482a6465,Paul Beasley,21,West Kyle,2025-08-10,0,71,2272.2814084507036,4,0,0.0
9b31e053-4cfc-41e4-97fb-ad5230c35508,Paul Chavez,22,Ambermouth,2024-07-10,0,29,2182.535172413793,5,0,0.0
ed3d0aa8-0833-4c64-a578-0b13d7ec72f0,Craig Case,75,South Kenneth,2024-12-07,0,72,2311.5204166666663,1,0,0.0
08e4ef9a-9572-4709-9b1c-6d2bb6f7b04b,Christine Olson,71,Lake Sherry,2024-02-25,0,72,2403.123333333333,8,0,0.0
4bcf00e0-3b27-493a-92f7-8120a7caffca,Dr. Tracey Adams,64,Port Rachel,2025-01-01,0,73,2539.3482191780818,4,0,0.0
f447f925-a687-439e-bb17-5196086fb825,Kristin Anderson,68,Port Sherry,2025-04-27,0,39,2723.4451282051286,10,0,0.0
abd82cd9-0ed9-4248-a655-1d87e3975d0c,Brittany Johnson,63,New Nathanielburgh,2024-10-17,0,54,2389.372777777777,3,0,0.0
316de2b8-d73e-41ff-8f7d-7ad392605aaa,Erica Jenkins,54,Tracyborough,2024-01-31,1,0,0.0,999,1,1.0
3c38f551-c687-40d2-b3cd-599804444a34,Timothy Orr,28,West Paul,2024-04-01,1,1,1552.92,168,1,1.0
57ca8609-ad42-4782-abc8-251e3819c825,Joseph Ramirez,37,Ramosborough,2024-04-22,1,1,498.06,87,1,1.0
babb634d-5577-456a-9dc6-6925a4a8365a,Tyler Johnson,44,Jameschester,2024-03-05,0,20,2305.036,10,0,0.0
57db6fb6-6f40-4d89-96fe-dfd0d6cec41d,Jose Allison,50,North Sandrahaven,2025-04-10,0,86,2389.7812790697667,3,0,0.0
b85d1eaa-ea27-4070-802a-6a20b6d07232,Melissa Wheeler,57,South Mary,2024-06-24,0,65,2618.1876923076925,3,0,0.0
34a59e8d-a554-4c0c-a31b-786e9831232b,Jorge Henderson,23,Josephville,2024-08-15,0,99,2605.2185858585867,3,0,0.0
6d5a626a-244e-4c01-b0f8-050f33029d2e,Christy Davis,70,South Dennisborough,2025-07-30,0,62,2297.2329032258067,4,0,0.0
b6dd703d-bbfd-4ee7-ad86-6ba4f0dbdd63,Krystal Wright,60,Sharpfort,2025-10-31,0,43,2572.6827906976737,3,0,0.0
e588dd4e-39b1-4416-a034-eda804800a5d,Alicia Underwood,22,Barneshaven,2025-06-15,1,2,2620.295,153,1,1.0
0a3bc328-42a1-4e4b-85f9-14954c13e019,Derrick Bryant,73,Mejiaburgh,2023-12-31,0,24,2103.3058333333333,17,0,0.0
e83d81e0-7367-48cf-b725-833644d308ae,Kyle Morgan,27,New Yolanda,2025-01-12,1,2,1813.095,37,1,1.0
dfcbe526-3af1-40ef-856b-c75eb17c3a32,Lance Jefferson,37,Martinezburgh,2024-09-05,0,97,2580.8408247422676,2,0,0.0
fa985122-d02c-405f-954a-679ff6246b55,James Thomas,74,Normanberg,2024-05-23,0,95,2589.8407368421053,0,0,0.0
dcc27079-6e0a-4b8e-a509-3e010dc0fe98,Alicia Johnson,57,Milesshire,2025-04-27,0,86,2524.7341860465112,0,0,0.0
c7f81ff1-9ab9-4b6c-a43a-b2299cc38b55,Mrs. Erica Mullins,22,Patrickfurt,2025-06-21,1,3,3321.433333333333,73,1,1.0
96f97d34-d8fb-4458-9c4d-ca242642fcdc,Mario Ward,48,Johnathanmouth,2025-10-10,0,57,2743.944912280701,6,0,0.0
7dff1a2a-bab6-4bff-9f4f-27d4c5427a2e,Anne Keith,50,Marioton,2023-12-14,0,32,2508.775625,4,0,0.0
f557189c-ecc6-4586-b2c8-105a658bbd05,Matthew Garcia,49,Markberg,2025-05-16,0,34,2486.516176470588,15,0,0.0
ae649f4b-4b13-42d9-a2b1-d684f7446ece,Danielle Fields,31,New Scottville,2024-01-31,0,90,2350.272333333334,3,0,0.0
d212c0d9-9db6-4c01-85e5-6b14a6a7d5a7,Zachary White MD,34,New Marcus,2024-02-25,0,37,2562.1575675675676,4,0,0.0
0fd3ece4-e429-4786-a4a5-09588a8310f8,Jessica Thomas,68,West Charlesview,2025-10-18,0,66,2403.7580303030304,0,0,0.0
7d99136c-c5d0-4de3-b89a-faee84d084a4,Wendy Olson,70,North Jamesview,2025-02-04,0,80,2702.5297499999992,2,0,0.0
b079764b-4c86-4e40-8e80-0fd862a125ad,Jessica Lopez,19,East Ralphland,2025-01-12,0,78,2662.0737179487182,1,0,0.0
51aa6989-970b-4e3d-9793-da221146a99e,Michael Morse,49,New Andrewbury,2025-04-17,0,67,2389.251492537314,3,0,0.0
7e6e6a22-1d2f-45fb-b214-b47500087f62,Dean Keith,26,North Elizabeth,2024-06-17,0,94,2513.573829787232,1,0,0.0
87f55da2-eaa3-4509-a254-cd42343d0d58,Brandon Martinez,74,New Aliciaville,2024-02-10,0,82,2487.0292682926834,3,0,0.0
95dbf159-5430-4bc1-bec6-c57cf32929ba,Eric Andrews,42,South Karenberg,2025-11-23,0,59,2564.80593220339,0,0,0.0
5a912d9a-6268-417b-bcb5-bae4fc1f410e,Alexis Martin,57,Owensburgh,2024-06-03,0,23,1710.0447826086959,6,0,0.04
66c6b52e-4e7e-401c-a5a6-447683859d43,Heather Knapp,72,Clarkside,2025-07-27,0,51,2458.1686274509802,4,0,0.0
3eef2e76-05bb-4452-b01e-4ed45169e267,Timothy Gross,65,Lake Feliciamouth,2024-08-26,1,0,0.0,999,1,1.0
db81b8a9-fb12-4bce-891b-93a480f98d8b,Ann Price,51,Mariestad,2025-02-04,0,86,2315.550465116279,0,0,0.0
f4d51731-829c-4632-b4c6-c5fc1938cd09,Benjamin Freeman,55,Elizabethshire,2025-09-21,0,57,2895.2240350877196,1,0,0.0
1a586170-4d68-4d19-befe-41f8e674d741,Sarah Hudson,61,Andersonfort,2024-01-28,0,69,2538.944782608696,1,0,0.0
b7b598e8-7f19-4267-a4b2-dad63ebd4e65,Christopher Conrad,53,West Nancy,2025-09-18,0,26,2626.1073076923076,5,0,0.0
403590ae-6009-474e-835f-159412e1e576,Anna Stein,70,Andrewstad,2024-06-16,0,90,2297.065666666666,7,0,0.0
51283a90-0bd9-48c8-b450-855caf157afb,James Henry,48,Millerbury,2024-06-19,0,97,2384.578556701031,3,0,0.0
bcb509b0-0dff-4899-b212-6b175ceab37b,Annette Wells,71,South William,2025-06-05,0,52,2339.1190384615384,1,0,0.0
ed82ea1f-801f-40ca-985f-427ea59b3866,Jerry Nelson,55,West Danielburgh,2024-08-31,0,65,2283.898,1,0,0.0
7eac2131-78f4-4885-b779-c872fa54329f,Christina Hayden,26,East Lisa,2024-10-09,1,3,1730.2166666666665,31,1,0.99
eba66f44-71df-4669-a969-ca0812a9044f,Nicholas Schneider,34,Carlachester,2025-05-22,0,94,2388.4539361702136,0,0,0.0
1c06bfc2-7623-42f7-b15a-fc7acce1ff77,Tara Finley,26,South Seanhaven,2024-02-01,0,70,2613.810428571429,1,0,0.0
7595f748-5878-4dc4-9e2f-e6bbf997d0b5,Denise Williams,31,Emilyland,2025-10-23,0,49,2336.9977551020406,10,0,0.0
1b842bfe-747d-4f17-812b-89d90df217d2,Ernest Anderson,35,Port Josephville,2024-08-22,0,70,2491.6291428571417,6,0,0.0
526306ad-1a27-492c-98e0-4f9ec53d7ad6,David Johnson,64,Port Elizabethchester,2025-04-30,0,38,2776.2621052631575,8,0,0.0
d8d7db2b-4125-4618-b141-6215c71111d8,Sandra Lane,29,East Brandon,2025-08-14,0,42,2587.8954761904756,2,0,0.0
d6c2e7bc-8b71-4bf9-a97c-d278bca2aa6a,Rhonda Cook,34,New Raymondburgh,2024-08-16,1,4,2631.3875,39,1,1.0
080a7bfd-362c-4ac0-90ff-b6539a9f79e9,Mary Harding,27,Melissatown,2025-09-23,0,22,2609.724090909091,9,0,0.0
25de3083-eb26-471e-866d-3f45eab19ef7,Connie Malone,56,Richardmouth,2024-04-15,1,2,2529.59,61,1,1.0
89fdc68c-2bf6-4dc1-9bb7-1389bff5f95b,Amy Gomez,66,North Jasonchester,2024-09-06,0,76,2437.8463157894726,0,0,0.0
f2e04fa7-054b-4b90-af75-b96e5cf8e697,Brendan Collins,25,East Kelly,2024-09-14,0,52,2807.460961538461,2,0,0.0
5577ac3d-a190-4b55-995a-67761520fbfe,Kenneth Graves,22,South James,2025-10-29,0,28,2721.641428571428,0,0,0.0
7642fa57-fabd-4577-a7ba-2ffec30c543c,Rachel Nguyen,33,Lawrencefurt,2024-01-02,1,5,2010.19,75,1,1.0
50402449-c714-49dc-be4a-1b43fb0c2c52,Carolyn Wolfe,53,Port Carolynshire,2025-08-11,0,98,2636.7132653061226,6,0,0.0
7f80b97e-9d78-4021-a000-a32a7200cf4b,Brett Carter,44,Hernandezfurt,2024-10-26,0,90,2544.1214444444436,0,0,0.0
3c34d3f5-aa1c-46ee-93de-7c377ee1ba7d,David Butler,32,Wrightburgh,2025-11-15,0,67,2484.8876119402985,3,0,0.0
752c3685-be95-418e-8ed9-25b55eb92927,Lawrence Green,37,South Jeffrey,2025-10-04,0,72,2506.114166666668,2,0,0.0
3658ae0a-5b1a-40ee-b792-4d266f6c0beb,Kristen Ashley,71,Jonborough,2025-02-17,0,90,2418.2594444444453,0,0,0.0
2eaf6a26-5f47-4d17-ac5b-5b8824238ed7,Robert Jones,22,Lake Jonathon,2025-03-22,0,90,2489.912555555555,2,0,0.0
3141ed99-fcde-4dd5-bd76-95406e6d4ac6,Anne Thomas,53,New Katiebury,2024-07-07,0,51,2558.2409803921573,1,0,0.0
33172167-e74a-41ba-92c5-f3a98c01f091,Mark Vazquez Jr.,65,East Corey,2024-04-23,0,60,2518.5525000000002,1,0,0.0
e3db719f-6a54-427d-bf90-a77becdac115,Hayley Phillips,20,Hickston,2024-07-27,1,0,0.0,999,1,1.0
3ac5467f-b3b9-4a14-be7e-fc9e740153d4,Tyler Carpenter,54,Thomashaven,2024-09-20,0,49,2246.162040816326,1,0,0.0
99a353ee-2516-4f86-88a4-9162f82db333,Tracy Haas,39,Port Anthonyburgh,2025-09-27,0,28,2228.120714285714,16,0,0.0
5670e84e-19cb-4bcb-b254-0b5d6d3514b6,Felicia Wiley,70,West Matthewburgh,2024-12-16,0,30,2832.270666666667,8,0,0.0
859b8e31-8963-4639-9952-28ea0fe4f0bb,James Smith,38,Johnmouth,2025-07-20,0,70,2493.8009999999995,0,0,0.0
bb121b7f-2fd0-4672-a22b-53c9fb477a6f,Nicole Schmidt,75,South Brendanchester,2025-03-24,0,26,2554.51576923077,12,0,0.0
99000692-35d6-4700-b9fe-320bf56d6bf6,Jasmine Young,28,Robertsfurt,2024-10-28,1,2,2886.36,69,1,0.99
19232a4e-e66d-4e84-8f29-f9cb0ac51fdf,Shane Stewart,59,Lake Bethchester,2025-08-25,0,76,2713.6492105263164,4,0,0.0
2a20b8fd-26b3-42d1-9334-dbf0fb1039c0,Robert Cook DVM,42,West Crystalland,2024-04-18,0,49,2371.953469387754,11,0,0.0
591c1821-e751-4ac5-803a-6943820a48b7,Betty Wilson,31,Robertton,2024-07-13,0,29,2646.6006896551717,26,0,0.0
4c15ae71-9033-4244-80b9-cbb14fe3209c,Hannah Sherman,58,East Michael,2024-10-27,0,87,2339.598045977013,4,0,0.0
289afe60-f6ca-4397-8ff5-19f927bd22df,Brittany Webb,70,East Brianburgh,2025-07-31,1,5,2288.176,47,1,1.0
9909b017-448a-476b-8f00-a79415afa01e,Keith Moss,69,South Ryanton,2024-07-30,0,43,2396.952558139534,8,0,0.0
c86944b0-aa58-47bd-8b15-0b459d38e164,Christopher Smith,27,Marshallmouth,2024-01-16,0,69,2485.423913043478,0,0,0.0
8d83ef06-61c0-4f9a-bb20-1c0c0aedada8,Jordan Day,73,East Jadeport,2024-04-01,0,62,2428.748387096773,1,0,0.0
523dc75a-0710-469d-bcb4-159af204d9f0,Phillip Friedman,25,Craigfort,2024-10-14,1,3,2453.5033333333336,101,1,1.0
029b8c26-5189-40db-817c-fe45c21f664c,William Klein,41,Port Abigail,2025-07-28,1,2,2817.26,60,1,1.0
345a0c28-c946-4f5e-8602-1aac833f0b5e,Sean Castillo,46,Dominguezshire,2025-07-17,0,53,2577.5173584905656,2,0,0.0
4299bc2b-a3a8-4597-b1f2-076d03826d61,John Joseph,51,South Brendaland,2025-09-13,1,0,0.0,999,1,1.0
5ed6ea87-74b2-421e-a3e0-b425bdcbe1f1,Gary Hernandez,33,South Jacob,2025-05-17,0,32,2394.6703124999995,6,0,0.0
0d88d547-0c2c-4b68-ae36-4f5923a4f35b,Robert Hinton,73,Lake Lisa,2024-11-22,1,3,1691.3433333333335,44,1,1.0
a983fe3a-65ce-4ad5-afb1-ab73a335a0eb,Jennifer Banks,36,East Michael,2024-04-20,0,83,2440.8956626506024,6,0,0.0
0b7e54fb-5877-4872-a4a5-03039f4f7ec4,Kevin Pruitt,46,North Randall,2025-09-17,1,4,2008.5525,53,1,1.0
601b38fb-6183-44f1-8635-4d1205c638ab,Kara Herrera,53,North Charlenemouth,2024-08-14,0,43,2352.3416279069766,2,0,0.0
2b7371a1-2c33-4550-8335-5e5c638cb178,Kimberly Smith,22,Kington,2025-08-01,0,44,2493.732045454545,0,0,0.0
98d55f73-cc7a-4227-a84d-977b35935ebb,Peter Allen,47,Murphyburgh,2025-02-14,0,67,2724.0985074626865,1,0,0.0
3767e278-ea30-4266-a2c6-36705d2f7169,Kyle Jones,26,East Christopher,2024-12-05,0,46,2614.999130434783,2,0,0.0
1b8825ef-a7ad-4589-950d-8380c27e8afe,Kelli Watkins,68,Robertstad,2025-10-12,0,63,2490.9696825396804,2,0,0.0
f479ceca-bfef-45ab-8c29-da9eb2735e51,Jennifer Rollins,63,East Shawnton,2025-01-04,0,85,2423.2090588235287,3,0,0.0
42611ffd-34e5-4310-a3bd-ef930e4a6bff,Claire Walker,73,Mcbrideport,2024-06-05,0,30,1979.368666666667,0,0,0.0
7cd7bc74-69a4-4dc7-8c48-9936e4b507d5,Allison Brown,31,Port Joseph,2024-07-23,0,65,2293.783538461538,0,0,0.0
ec62b572-3533-4d6a-8022-33d2230ede3f,Ryan Henderson,33,East Tracy,2025-02-08,0,36,2640.270555555556,6,0,0.0
758ed7bf-4504-435b-b28c-fb54084a7866,Marcus Owens,20,New William,2024-11-24,1,0,0.0,999,1,1.0
6208971b-a22d-42d6-92e0-1b54a5350132,Mr. Antonio Powell,42,South Susanland,2025-03-17,0,37,2603.861351351351,5,0,0.0
b1494994-9616-48fd-8bda-195451f2af10,Ryan Daniels,49,Port Christopher,2024-09-26,0,54,2896.834444444445,5,0,0.0
bd54886e-a919-422a-a30d-0335a047dc05,Kathryn Soto,28,East David,2024-08-14,0,90,2566.643111111111,1,0,0.0
f0158727-5de3-4e4a-afae-cca16fd65c8c,Megan Patton,32,East Josephburgh,2024-11-09,0,61,2559.502950819672,2,0,0.0
4aa396c4-ce16-4ee8-8458-9567a3b9ce46,Thomas Day,26,West Rachael,2024-12-20,0,87,2512.8416091954027,1,0,0.0
def99aac-3bbc-4d66-9334-10181d310d3b,Lisa Espinoza,25,South Rachel,2025-05-12,0,62,2380.241451612904,2,0,0.0
fc44b8ba-d240-46c8-a4ed-5adc9a339957,Lori Mills,73,South Melissaton,2025-03-01,1,2,1925.565,130,1,1.0
fd6060aa-680b-4b4b-9218-2bf019b06b72,Wendy Powell,51,Hernandezside,2024-01-23,0,93,2737.394946236558,1,0,0.0
1efec97f-829e-4d7e-8d86-e104990eefe3,Zachary Moore,31,Port Amy,2024-04-28,0,38,2433.799736842106,1,0,0.0
a74c2a32-a03d-4b4a-8c94-16c0824e6785,Larry Alvarado,48,Kruegerhaven,2025-06-23,1,5,2900.674,36,1,1.0
7eed97e9-1974-4908-8119-8243e86757b6,Ryan Wood,40,Deanville,2025-02-07,0,78,2425.851025641025,0,0,0.0
cf7f3dea-eeec-4726-8b4b-f1f3fec5beab,Linda Nolan,49,Sharpport,2025-07-13,0,60,2521.6420000000003,5,0,0.0
c724e00f-8330-45bb-bb58-d49fb6f80139,Jacqueline Frost,53,Lake Brettberg,2025-09-30,1,5,2151.3380000000006,54,1,1.0
44e10a93-2137-444d-a6bc-dd953464d45f,Philip Thomas,51,Jamesfurt,2025-05-05,0,71,2541.102394366197,0,0,0.0
2b31a799-6508-4eed-b7f4-1d7c9c880263,Cheryl Rice,30,West Stephanie,2024-09-23,0,20,2248.067,3,0,0.0
62c85bc2-f0bd-4b19-bbab-816b607f6bb7,John Crane,72,New Candice,2024-04-04,1,5,1405.5220000000002,42,1,1.0
56e4011c-738a-41c0-a37a-2d75057bef7d,Wendy Gaines,60,Taylorchester,2025-04-03,0,66,2663.06803030303,1,0,0.0
5a014f3e-7caf-49f7-81ae-5cf1787ca6f7,Kimberly Ortiz,56,New Erinfort,2025-09-19,0,42,2454.5854761904766,4,0,0.0
cabf1b66-67ce-40b9-b63b-e745adbb6ac4,James Edwards,55,Port Anthonyport,2025-10-05,0,91,2534.354615384616,4,0,0.0
428af1f5-6754-4696-be5d-42b858d54d54,Robin Ferguson,70,North Scott,2025-01-27,1,0,0.0,999,1,1.0
86423aef-ece0-4f5e-8f4d-1c5d0ac799bc,Cheryl Wiggins,66,Lake Michael,2024-10-29,1,4,1998.3899999999999,103,1,1.0
6b0f352f-ef31-42c6-bc1c-985f666c21f4,Philip Evans,19,Lake Jessica,2025-06-29,1,0,0.0,999,1,1.0
a3d43ba4-f9f7-48c1-953f-2cdfb7d6d7c3,William Herrera,51,Brianchester,2024-09-06,0,78,2436.164102564102,3,0,0.0
12453283-90a4-4755-91ff-9dbff319dce7,Troy Kerr,20,Lake Maryhaven,2025-07-20,0,30,2667.446666666667,5,0,0.0
0ec3ef80-ce29-4aa6-8587-fd0c952ab765,Alexandra Harding,34,West Ernest,2024-12-20,0,93,2422.596774193549,1,0,0.0
2604a593-dc5e-4f82-9ec5-11b2ad6c71b9,Jeffrey Michael,74,New Jesuschester,2024-07-21,0,64,2621.6107812499995,3,0,0.0
a6b585d6-815f-4b20-ad4a-6ac120b4dc5f,Mackenzie Gallegos,51,West Angelaview,2025-10-18,0,31,2192.6999999999994,2,0,0.0
d561720a-a5b0-45e6-be81-1a30f0b8024f,Steven Collins,37,New Josephview,2025-03-28,0,94,2183.991170212765,0,0,0.0
2663fd04-5d62-4f81-8f40-0fa759b87cd8,Darryl Summers,29,Martinhaven,2025-01-14,1,5,2903.754,105,1,1.0
a25170eb-1980-469a-b938-435abcfeac17,Jason Garcia MD,40,Lake Christianburgh,2024-03-24,1,2,1852.03,126,1,1.0
4837f5e7-bbdd-49aa-beb0-ad52ad800bc1,Joel Johnson,65,Woodsfurt,2024-10-20,0,25,2360.3363999999997,28,0,0.06
6d959e26-bbf9-4a98-a6ea-ea0cb7cd3c21,Julie Schultz,43,Randolphfort,2025-04-12,0,94,2736.612021276597,1,0,0.0
1e75a7ac-9f6b-4666-9dab-4d28ed0a5f68,Frederick Morris,54,Port Jeffreyton,2025-05-28,0,50,2957.7598000000003,4,0,0.0
497b98d2-8ea4-4568-a53b-7f1eab443b81,William Wilson,57,North Thomas,2025-04-18,0,45,2667.785333333333,3,0,0.0
cd2ed17c-ed46-45a1-bcfc-a3d4e08cde1b,Jessica Howard,69,New Michael,2025-07-17,0,94,2419.420744680851,1,0,0.0
7f29aa5d-6fdc-4328-89f6-dc46c450d7fb,Maureen Smith,66,Port Brendaton,2024-12-31,1,3,1651.82,38,1,1.0
65083d5b-bf25-462d-882c-d03954ab1007,Sara Conrad,29,New Meganfort,2025-06-02,0,65,2637.9319999999993,8,0,0.0
eafd3341-d1d2-4da2-9b77-9273926d217f,Matthew Park,61,Jamesborough,2023-12-29,0,87,2576.381954022988,2,0,0.0
8228411a-2b4e-4cb6-b49f-fb82dd6d0ac8,Barbara Gibbs,35,Port Timothy,2024-12-28,0,63,2158.400634920635,2,0,0.0
5db6a816-a710-44ae-8c53-972c909242fe,Sarah Ewing,62,Reneeberg,2025-05-15,0,22,2132.1722727272727,12,0,0.0
879547c2-370b-4dd4-9083-a7b6006c8594,Dominique Gonzalez,59,New Ryanfurt,2024-04-29,0,53,2829.2083018867925,1,0,0.0
b011dd1e-700c-4fb7-9ab1-aca15c6232d8,Christopher Turner,39,East Sandra,2024-10-14,0,90,2419.149777777778,1,0,0.0
2186bee8-0931-40b9-8d74-a18d055f84bc,Jesse Gaines,70,North Anthony,2024-07-26,0,30,2596.5440000000003,8,0,0.0
8d5d7018-fcd1-4c4b-b74c-6e4b15da35a1,Anthony Wallace,34,Mcdowellberg,2024-02-17,0,25,2168.1656,1,0,0.0
d34a9a70-0dad-4248-8219-d34482d345f8,Kristin Henry,71,Port Nicholasport,2024-02-17,0,100,2519.5332000000003,0,0,0.0
955a3ea7-f346-4bb5-b5ce-28dcb14980b0,Diana Chavez,71,South Kimberly,2024-12-16,0,86,2188.108139534884,1,0,0.0
37eb3bd8-df03-48ea-943c-df0bf7af3e58,Oscar Duncan,71,Maybury,2025-10-02,0,96,2825.586979166666,0,0,0.0
0797865a-ecaf-4692-b562-ba3bd8c662cb,Curtis Salas,59,North Thomaston,2025-11-13,1,5,2691.592,71,1,1.0
9ffa3f02-ac98-4cdb-8f28-9212bcbe3042,Sally Burgess,21,Rileytown,2024-12-07,0,37,2531.4183783783783,4,0,0.0
00299ad9-9063-4e81-ad81-1d04437c99c9,Michelle Sparks,36,West Bryan,2024-07-09,0,52,2324.484615384615,0,0,0.0
56ff9b5c-54d6-4ba4-bb63-34992a0ff96e,Christopher Jones,21,Sallystad,2024-11-03,0,27,2502.952962962963,4,0,0.0
b950754c-f97d-44a2-9f7e-df2e4c1dcc30,Jay Miller,34,Port Tammy,2024-11-01,1,3,3837.56,134,1,1.0
40a0f95e-ec77-4728-823e-cf909fa35bff,Jeffery Anderson,71,Samanthaburgh,2024-06-19,1,3,2637.903333333333,34,1,1.0
8db0196e-ba53-466e-9d29-b9c08bd65bc2,Adam Martinez,68,South Kentstad,2025-03-25,0,97,2737.518350515463,0,0,0.0
78e88c0f-e80a-48b3-8b1e-04d21b6e6de9,Mr. Joseph Grant,63,Juliaborough,2025-11-10,0,38,2266.680263157894,2,0,0.0
72456ea8-f113-4dc0-9f36-c276fd3e8392,Craig Brown,72,East Andrew,2023-12-26,0,55,2493.5605454545457,10,0,0.0
7965ca7b-690f-477a-aed3-6826c86f547e,Kelsey Hall,31,Katherinebury,2025-04-24,0,25,3120.4615999999996,8,0,0.01
71dde3db-cf08-4c53-9f8d-6ca23ae48c6a,Brian Sanford,36,Courtneystad,2025-10-11,0,31,2304.053225806452,1,0,0.0
8d3bbf56-c7b4-4e6b-bfab-4edb5339df14,Rachel Webb,49,Austinside,2025-10-22,0,85,2416.1948235294126,1,0,0.0
02074bed-2b3a-494d-b25d-2707d22c3ab8,Jennifer Davidson,53,West Robert,2024-06-08,0,42,2250.577142857143,3,0,0.0
c2e8848d-a992-4ca7-a9dc-a39356911507,Mrs. Whitney Vasquez,25,Christopherfort,2025-08-22,0,95,2591.4920000000006,1,0,0.0
2b89842f-ada3-480f-aa89-3812d6e234d5,Paul Haynes,24,Leebury,2025-11-28,0,59,2391.6698305084756,3,0,0.0
c702c83c-97bc-4344-86f6-cd58f8b63301,Jay Mcdaniel,33,New Kathleenside,2024-08-26,0,90,2542.357,0,0,0.0
9107e095-c37c-4d1b-b13c-df4f00ff141e,Mr. Austin Bishop,38,New Valerie,2025-01-19,1,2,3129.95,116,1,0.99
8023bbb4-46a5-4d70-bab7-28e13e04a55b,Miguel Leonard,44,Evanland,2024-11-25,1,4,2807.8475000000003,59,1,1.0
de53a91f-53c8-47a3-9324-8ae09660dcce,Alec Adams,50,West Tracyville,2024-10-31,0,35,2206.8228571428576,2,0,0.0
5925b81a-e910-4e61-8614-df6fcc7baaf5,Jessica Rogers,72,Griffinland,2025-09-08,1,2,3867.3100000000004,73,1,1.0
f78dbaa8-a138-4873-890d-e552a40a6478,Ruben Jackson,42,West Madison,2024-07-30,0,100,2391.2236999999996,2,0,0.0
8df61c40-9a04-4adb-86b4-e3e49235ae52,Adrian Harper,72,South Markville,2025-03-15,0,72,2866.980416666666,2,0,0.0
98261be6-a1f8-431b-9b22-f31bb91e636d,Ronald Brooks,31,New Donald,2025-04-14,0,87,2629.206896551724,1,0,0.0
ee87e4ba-0b9c-4efd-91be-586c36f31f6b,Timothy Bowman,32,West Michael,2025-06-11,0,83,2427.573734939758,5,0,0.0
c67971b2-8945-41b8-b8a8-53ceed47c84b,Julia Serrano,74,Andrewton,2025-09-12,1,4,3307.2349999999997,73,1,1.0
774876f8-1e3e-46b0-8482-189484ff1510,Randy Coleman,70,Port Timothy,2024-05-22,0,64,2618.96890625,4,0,0.0
a865f583-aab3-4798-b018-19c5bef14be8,Susan Palmer,74,South Gregoryton,2024-07-21,1,5,3241.12,75,1,1.0
3c069111-5277-4ae9-b22a-b3287f3697ae,Kaitlyn Lee,42,Rodriguezport,2025-05-13,0,38,2264.182894736842,2,0,0.0
02e07f79-858c-4c62-a344-147a442afa89,Steven Sanchez,42,West Tonyaville,2024-10-21,0,86,2380.9717441860466,1,0,0.0
9edb0f2c-a7f6-4065-916d-597114ae7dae,Amy Brown,61,Coryborough,2024-02-02,0,46,2475.526086956522,3,0,0.0
a6ff954f-1ff6-4478-9ab8-04ab680f2aa0,Ricky Martin,64,West Wesley,2025-11-11,0,27,2406.19,3,0,0.0
d9d2e9f1-4124-4f8f-9b4e-4f06ddb01486,Carolyn Morgan,31,Port Aaron,2025-06-19,1,3,1698.2933333333333,33,1,1.0
9bb3b7ca-f6e6-4153-9693-16d7a5498a37,Kayla Miller,31,Robertsmouth,2025-06-06,0,44,2437.3368181818178,8,0,0.0
b26b9d6a-6698-49c8-aa0e-8c2a4a87b820,Ashley Perkins,61,Wilsonburgh,2024-05-10,0,23,2483.2408695652175,1,0,0.0
365d2b0c-b5d9-4038-a1af-dfff03ead9ee,Patrick Robertson,72,New Phyllisland,2024-10-02,0,60,2365.5936666666666,1,0,0.0
a23cf1db-9c67-4187-937f-d9479ff8f0f6,James Miller,47,Meganfurt,2024-12-13,1,3,2453.7100000000005,147,1,1.0
9764138e-47d2-4de9-9cfc-c71bd8040847,David Hamilton,57,Markfurt,2024-07-25,0,28,2536.6625,1,0,0.0
d384f53a-ad79-47b1-a236-b359e6d865b6,Bradley Andersen,46,North Jonland,2025-08-24,0,81,2842.0551851851856,7,0,0.0
42bea6a5-45b4-4935-8453-32fc2737ffc8,Kenneth Roy,31,Port Kimview,2024-01-12,0,57,2888.855964912281,3,0,0.0
01fb29b2-5b7f-44fe-b5a7-f0ff79456aed,Jon Haynes,38,Port Donaldport,2025-02-28,1,2,3600.71,112,1,1.0
4dfbd751-1c97-421c-8e61-013f4bf56eb8,Hayden Mcpherson,67,Toddbury,2025-05-28,0,58,2594.3731034482753,4,0,0.0
26601318-f972-4959-82db-66dc652165a7,Jamie Simpson,74,East Elizabethville,2025-07-12,0,96,2545.9060416666666,0,0,0.0
a3ca2afd-257a-4d53-9a99-dbdf65e9257d,Michael Lopez,56,South Jeremy,2024-02-29,1,5,2114.1600000000003,88,1,1.0
a85eee32-7876-4d4b-ac2d-2563db3f4d29,Mr. Brian Kelley,47,North Frankstad,2024-11-16,0,31,3028.797096774194,7,0,0.02
472a48c0-fa3a-4d1d-b3f2-01a3ac35397a,Lee Mahoney,30,New Melissa,2025-12-02,0,76,2278.343552631578,3,0,0.0
e0424ce6-08c7-4c84-ab01-84ed1fc8a0ca,Samuel Bailey,39,West Donald,2024-09-22,0,86,2474.8790697674417,7,0,0.0
39e8077f-7252-43f0-96ac-f9e4ee28f89f,Patricia Monroe,73,East David,2025-05-19,1,5,2942.96,80,1,1.0
27dd4f36-8a56-4b7a-a547-975e4b6968f3,Betty Turner,38,East Matthewview,2024-05-10,0,42,2400.5045238095236,14,0,0.0
3f02b855-4ef2-4849-9455-fe377b1a91a7,Mark Edwards,64,Farleymouth,2025-10-05,0,22,2257.222272727273,9,0,0.0
326dfb12-9ff3-4741-a61b-a6d0af9afe1c,Emily Hill,70,Lake Sheryl,2024-05-23,0,66,2538.3966666666656,1,0,0.0
6c382ffd-a992-46bf-af43-dccd2287ea02,Aaron Smith,49,East Paula,2024-02-13,0,48,2624.27375,3,0,0.0
b0f72022-958f-4cbc-ac86-aba29733cc62,Timothy Medina DVM,43,East Adam,2024-01-28,0,29,2921.235172413793,4,0,0.0
dde0b8f3-5a0a-42ec-914d-4f11cad12801,Ethan Harris,54,Briannaton,2025-09-09,0,32,2161.9603124999994,10,0,0.0
48755b54-6a08-4eed-b334-567e6a0f2336,Garrett Cabrera,43,Acostaside,2024-01-28,0,96,2442.6610416666667,5,0,0.0
0e642783-5dac-4893-b7ad-be98246259bb,Ryan Williams,62,Kennethfurt,2025-08-23,0,74,2377.6697297297296,2,0,0.0
1c8a348d-7c00-45b1-93ad-61549d515dc9,Leah Rodriguez,55,Lake Jasonshire,2025-06-14,0,71,2631.720422535211,2,0,0.0
c1ca2f73-1d21-4903-805e-3fa81cfbf97a,Evan Johnson,31,Jessicabury,2025-03-23,0,94,2617.8909574468094,0,0,0.0
27b44152-418e-43ee-ac37-46de4d2536df,Carolyn Horne DDS,31,Lake Latasha,2025-03-19,0,80,2595.7022500000007,0,0,0.0
770f77d9-75bc-446f-8272-70c6590a4ae5,Faith Jackson,70,North Julia,2025-09-06,0,53,2520.6375471698116,8,0,0.0
ab43a8db-f78f-4566-9f18-1d5545e5b30e,Morgan Fisher,23,Robertville,2025-10-18,0,79,2640.589240506329,1,0,0.0
d530a2f7-af48-48c3-a244-dde49f054453,Shannon Waller,23,Patelside,2025-10-10,0,76,2166.3135526315796,11,0,0.0
b61040f1-96fa-4b2f-bb1f-5a2112ece0f8,Abigail Obrien,21,East Christopher,2025-07-22,0,28,2324.4164285714282,7,0,0.0
cdcda93c-5862-4c40-82ea-2d23027161ba,Ryan May,54,Port Rogerchester,2024-08-22,0,49,2341.6538775510203,5,0,0.0
dea9d915-288c-4b33-8752-17ac28ae4390,Kristen Stokes,49,Davisborough,2025-03-08,0,70,2715.7479999999996,5,0,0.0
7b7e868b-637e-4c1f-8b46-9c4977290ed5,Garrett Molina,42,Port Christopherport,2025-03-02,0,82,2571.65743902439,1,0,0.0
bd7749af-af54-46e2-a20e-0d8de3245a86,Daniel Blevins,40,New Brian,2024-06-20,1,1,2741.87,114,1,1.0
82ac10f4-5693-4122-b061-952e9daf79c4,Casey Pennington,28,Dawsonmouth,2025-04-30,0,98,2318.2893877551014,2,0,0.0
4cf9e859-1aec-4fcc-9473-16e6c062baa0,Benjamin Frye,57,Lake David,2024-03-06,1,0,0.0,999,1,1.0
ea8f2031-a591-4a89-b294-edd64455ce1a,Jeffrey Powers,43,Caitlinland,2025-03-25,0,72,2396.995,5,0,0.0
595f05e8-1724-437d-a5c5-598a51e8f726,Patrick Booth,28,North Louisborough,2024-11-06,0,80,2356.4868750000014,1,0,0.0
85c1288b-9ed2-4383-9689-dad460b539ae,Leslie Hunt,35,Becktown,2024-06-17,0,54,2561.3116666666665,1,0,0.0
d361ebba-e78a-40d9-85ff-edf257fb4be0,Rachel Lewis,60,Josephfurt,2024-12-30,1,3,1948.8466666666666,44,1,1.0
bd060e47-7997-4f47-b703-b285a0ec0e06,Monique Williams,66,Derrickfurt,2024-06-23,0,27,2764.965185185185,5,0,0.0
772318f3-08fd-45fd-bab0-4da3b0ea5a42,Chelsea Adams,66,East Adam,2025-02-03,0,26,2608.362307692308,7,0,0.0
e7f50fae-5e6a-43cb-8412-a9d449580569,Patty Long,22,Johnsonborough,2024-07-24,0,64,2516.406250000001,1,0,0.0
21b833b5-95d8-46d6-97f6-b7f7abbc3526,Blake Ortiz,67,Curtisstad,2025-08-15,0,59,2685.1952542372883,3,0,0.0
03097b17-7b6a-4a86-b6ce-a064f75df3c3,Walter Williams,42,West Mitchellport,2024-05-22,0,57,2379.6868421052636,4,0,0.0
80c84806-f299-4a13-8377-982444953b14,Ana Martin,45,North Andrewland,2025-08-02,0,60,2262.3288333333344,6,0,0.0
e8f840c6-f1e8-4712-bb5c-6176d5eb841b,Rachel Smith,39,Timton,2024-12-09,0,48,2637.714374999999,1,0,0.0
a263f159-92e8-4538-9d85-c402d42e77c4,Jessica Dixon,32,Lake Theresa,2024-05-21,1,2,1856.86,36,1,1.0
e12dd43d-ce96-4c7a-b3e6-92d9a4112b8c,Zachary Valencia,47,South Kellyland,2024-11-07,0,49,2251.3612244897963,1,0,0.0
03072ccb-190a-4966-a48f-6a2a3ad82841,Melissa Sanchez,68,Joeberg,2024-07-26,0,49,2601.468571428572,4,0,0.0
10f7a1aa-4d8e-45cd-a1f6-46535ca4151b,Paula Davis,47,Port Justinview,2025-02-14,0,70,2712.4615714285715,0,0,0.0
d08d9b72-a559-4fae-a4e6-ca650a6bc325,Erika Gardner,43,Lake Steven,2024-02-05,0,95,2592.824105263159,3,0,0.0
9f178903-af07-424a-be77-f0316650c5c6,Christopher Fisher,48,Chenton,2025-02-06,1,4,1678.8949999999998,114,1,1.0
51b0ff43-a2c8-453d-9641-bd409a8d778e,Allison Ruiz,29,Port David,2024-06-29,1,2,3977.29,83,1,1.0
f403f06e-65f2-48df-9453-ba53f0589209,Edward Benjamin,41,Robertchester,2024-01-31,1,2,2693.12,58,1,1.0
f09fa2dc-8da2-46e6-95ee-d50ed3e4e0d9,Willie Mendez,57,New Kristina,2024-06-24,0,50,2597.8605999999995,1,0,0.0
054c9300-fbcf-4491-8a24-544267b9853d,Chad Leon,34,South Nicholasview,2025-06-10,0,46,2709.652826086957,0,0,0.0
894f68ac-7163-438e-9292-da3268d08c3b,Christopher Mahoney,37,New Samuelburgh,2025-11-02,1,3,2040.7266666666667,78,1,1.0
00356e51-9326-4e71-a031-9dd21d783c35,John Brown,23,Lake Michael,2023-12-20,0,26,2943.0338461538468,7,0,0.0
00a7a4dc-848a-4a5d-8df0-7b8bc579ab09,Brittany Wang,64,Patriciaborough,2025-02-25,0,44,2825.4722727272724,5,0,0.0
c2b963d7-9423-42e4-bb5b-3cf6a5f88eb1,Michael Gibson,25,Adamsberg,2024-02-05,0,47,2473.2444680851063,6,0,0.0
8d89123e-dc0d-4097-bf06-3012d0714a9f,Justin Harris,75,Loganport,2025-10-10,1,4,3028.2625,64,1,1.0
6fe3c0ac-f9be-41b9-b3bd-5caa74ba772f,Blake Lewis,55,Castrobury,2024-06-18,0,80,2616.7344999999996,5,0,0.0
6ff87840-b5ce-4fc7-a257-73660e25619f,Christopher Thompson,56,West Hollyview,2024-12-27,0,98,2410.5601020408167,2,0,0.0
